[
{
    "model": "contenttypes.contenttype",
    "fields": {
        "app_label": "admin",
        "model": "logentry"
    }
},
{
    "model": "contenttypes.contenttype",
    "fields": {
        "app_label": "auth",
        "model": "permission"
    }
},
{
    "model": "contenttypes.contenttype",
    "fields": {
        "app_label": "auth",
        "model": "group"
    }
},
{
    "model": "contenttypes.contenttype",
    "fields": {
        "app_label": "contenttypes",
        "model": "contenttype"
    }
},
{
    "model": "contenttypes.contenttype",
    "fields": {
        "app_label": "sessions",
        "model": "session"
    }
},
{
    "model": "contenttypes.contenttype",
    "fields": {
        "app_label": "contas",
        "model": "user"
    }
},
{
    "model": "contenttypes.contenttype",
    "fields": {
        "app_label": "curtomers",
        "model": "customer"
    }
},
{
    "model": "contenttypes.contenttype",
    "fields": {
        "app_label": "restaurants",
        "model": "mealcategory"
    }
},
{
    "model": "contenttypes.contenttype",
    "fields": {
        "app_label": "restaurants",
        "model": "restaurantcategory"
    }
},
{
    "model": "contenttypes.contenttype",
    "fields": {
        "app_label": "restaurants",
        "model": "restaurant"
    }
},
{
    "model": "contenttypes.contenttype",
    "fields": {
        "app_label": "restaurants",
        "model": "meal"
    }
},
{
    "model": "contenttypes.contenttype",
    "fields": {
        "app_label": "restaurants",
        "model": "openinghour"
    }
},
{
    "model": "contenttypes.contenttype",
    "fields": {
        "app_label": "drivers",
        "model": "driver"
    }
},
{
    "model": "contenttypes.contenttype",
    "fields": {
        "app_label": "order",
        "model": "order"
    }
},
{
    "model": "contenttypes.contenttype",
    "fields": {
        "app_label": "order",
        "model": "orderdetails"
    }
},
{
    "model": "contenttypes.contenttype",
    "fields": {
        "app_label": "report",
        "model": "invoice"
    }
},
{
    "model": "contenttypes.contenttype",
    "fields": {
        "app_label": "info",
        "model": "aboutus"
    }
},
{
    "model": "contenttypes.contenttype",
    "fields": {
        "app_label": "info",
        "model": "contact"
    }
},
{
    "model": "contenttypes.contenttype",
    "fields": {
        "app_label": "info",
        "model": "image"
    }
},
{
    "model": "contenttypes.contenttype",
    "fields": {
        "app_label": "info",
        "model": "team"
    }
},
{
    "model": "contenttypes.contenttype",
    "fields": {
        "app_label": "info",
        "model": "why_choose_us"
    }
},
{
    "model": "contenttypes.contenttype",
    "fields": {
        "app_label": "info",
        "model": "chat"
    }
},
{
    "model": "contenttypes.contenttype",
    "fields": {
        "app_label": "info",
        "model": "carousel"
    }
},
{
    "model": "contenttypes.contenttype",
    "fields": {
        "app_label": "careers",
        "model": "career"
    }
},
{
    "model": "contenttypes.contenttype",
    "fields": {
        "app_label": "careers",
        "model": "jobapplication"
    }
},
{
    "model": "contenttypes.contenttype",
    "fields": {
        "app_label": "authtoken",
        "model": "token"
    }
},
{
    "model": "contenttypes.contenttype",
    "fields": {
        "app_label": "authtoken",
        "model": "tokenproxy"
    }
},
{
    "model": "sessions.session",
    "pk": "k8hjh6nupcm4ix6zjvgyo3ivssghqk92",
    "fields": {
        "session_data": ".eJxVjEsOwjAMBe-SNYqSxoldluw5Q2UnDi2gVupnhbg7VOoCtm9m3st0vK19ty06d0MxZ9OY0-8mnB867qDcebxNNk_jOg9id8UedLHXqejzcrh_Bz0v_bfGJgG7yOipCUhSoUVJAaAVdQk0hyRRMiGEiEScvS-QsNVUArlazfsDtig2_g:1s9XlS:Z8HoZVTWVgOw9sTYFPvzNTQh-9_FOmWoglMRu7w4k1A",
        "expire_date": "2024-06-04T22:15:22.687Z"
    }
},
{
    "model": "restaurants.restaurantcategory",
    "pk": 1,
    "fields": {
        "name": "grelhados",
        "image": "",
        "slug": "grelhados"
    }
},
{
    "model": "restaurants.restaurantcategory",
    "pk": 2,
    "fields": {
        "name": "fritos",
        "image": "",
        "slug": "fritos"
    }
},
{
    "model": "restaurants.mealcategory",
    "pk": 1,
    "fields": {
        "name": "grelhado",
        "image": "",
        "slug": "grelhado"
    }
},
{
    "model": "restaurants.mealcategory",
    "pk": 2,
    "fields": {
        "name": "cuzido",
        "image": "",
        "slug": "cuzido"
    }
},
{
    "model": "restaurants.mealcategory",
    "pk": 3,
    "fields": {
        "name": "Frito",
        "image": "",
        "slug": "Frito"
    }
},
{
    "model": "restaurants.mealcategory",
    "pk": 4,
    "fields": {
        "name": "2",
        "image": "",
        "slug": "2"
    }
},
{
    "model": "restaurants.mealcategory",
    "pk": 5,
    "fields": {
        "name": "null",
        "image": "",
        "slug": "null"
    }
},
{
    "model": "restaurants.mealcategory",
    "pk": 6,
    "fields": {
        "name": "",
        "image": "",
        "slug": ""
    }
},
{
    "model": "restaurants.mealcategory",
    "pk": 7,
    "fields": {
        "name": "Salada",
        "image": "",
        "slug": "Salada"
    }
},
{
    "model": "restaurants.meal",
    "pk": 1,
    "fields": {
        "name": "Mufete",
        "short_description": "Prato de peixe grelhado servido com feijão, batata-doce, banana pão e mandioca cozida",
        "image": "meal_images/download_13.jpeg",
        "price": "5000.00",
        "quantity": 1,
        "category": 1,
        "restaurant": 1
    }
},
{
    "model": "restaurants.meal",
    "pk": 2,
    "fields": {
        "name": "Caldeirada de peixe",
        "short_description": " Ensopado de vários tipos de peixe com legumes.",
        "image": "meal_images/download_14.jpeg",
        "price": "3500.00",
        "quantity": 1,
        "category": 1,
        "restaurant": 1
    }
},
{
    "model": "restaurants.meal",
    "pk": 3,
    "fields": {
        "name": "Sambapito",
        "short_description": " Prato de carne de porco cozida com amendoim.",
        "image": "meal_images/download_15.jpeg",
        "price": "3500.00",
        "quantity": 1,
        "category": 2,
        "restaurant": 1
    }
},
{
    "model": "restaurants.meal",
    "pk": 4,
    "fields": {
        "name": "Hummus com Pão Pita",
        "short_description": " Hummus cremoso servido com pão pita integral.",
        "image": "meal_images/download_1.jpeg",
        "price": "5500.00",
        "quantity": 1,
        "category": 2,
        "restaurant": 2
    }
},
{
    "model": "restaurants.meal",
    "pk": 5,
    "fields": {
        "name": "Guacamole com Chips de Batata-Doce",
        "short_description": "  Guacamole fresco acompanhado de chips crocantes de batata-doce",
        "image": "meal_images/download_2.jpeg",
        "price": "5500.00",
        "quantity": 1,
        "category": 3,
        "restaurant": 2
    }
},
{
    "model": "restaurants.meal",
    "pk": 6,
    "fields": {
        "name": "Bruschetta de Tomate e Manjericão",
        "short_description": " Fatias de pão tostado com tomate fresco, manjericão e azeite de oliva",
        "image": "meal_images/download.jpeg",
        "price": "5500.00",
        "quantity": 1,
        "category": 2,
        "restaurant": 2
    }
},
{
    "model": "restaurants.meal",
    "pk": 7,
    "fields": {
        "name": "Arroz Biro-Biro",
        "short_description": " Arroz com ovos, batata",
        "image": "meal_images/download_16.jpeg",
        "price": "2500.00",
        "quantity": 1,
        "category": 2,
        "restaurant": 3
    }
},
{
    "model": "restaurants.meal",
    "pk": 8,
    "fields": {
        "name": "Fraldinha",
        "short_description": " Corte macio e suculento, servido com arroz biro-biro e farofa",
        "image": "meal_images/download_17.jpeg",
        "price": "3000.00",
        "quantity": 1,
        "category": 4,
        "restaurant": 3
    }
},
{
    "model": "restaurants.meal",
    "pk": 9,
    "fields": {
        "name": "Carpaccio de Carne",
        "short_description": " Finas fatias de carne bovina com rúcula, parmesão e azeite trufado.",
        "image": "meal_images/download_11.jpeg",
        "price": "2250.00",
        "quantity": 1,
        "category": 2,
        "restaurant": 3
    }
},
{
    "model": "restaurants.meal",
    "pk": 10,
    "fields": {
        "name": "Buffalo Wings",
        "short_description": " Asas de frango crocantes com molho picante, servidas com molho de queijo azul.",
        "image": "meal_images/download_18.jpeg",
        "price": "3000.00",
        "quantity": 1,
        "category": 1,
        "restaurant": 4
    }
},
{
    "model": "restaurants.meal",
    "pk": 11,
    "fields": {
        "name": "BBQ Ribs",
        "short_description": " Costelas de porco defumadas e cobertas com molho barbecue, acompanhadas de coleslaw e batatas fritas.",
        "image": "meal_images/download_19.jpeg",
        "price": "55000.00",
        "quantity": 1,
        "category": 1,
        "restaurant": 4
    }
},
{
    "model": "restaurants.meal",
    "pk": 12,
    "fields": {
        "name": "Cheeseburger Deluxe",
        "short_description": " Hambúrguer suculento com queijo cheddar, alface, tomate, picles e molho especial, servido com batatas fritas.",
        "image": "meal_images/download_20.jpeg",
        "price": "55000.00",
        "quantity": 1,
        "category": 3,
        "restaurant": 4
    }
},
{
    "model": "restaurants.meal",
    "pk": 13,
    "fields": {
        "name": "T-Bone Steak",
        "short_description": " Corte generoso com filé mignon e contrafilé, servido com purê de batatas e aspargos grelhados.",
        "image": "meal_images/download_22.jpeg",
        "price": "3000.00",
        "quantity": 1,
        "category": 1,
        "restaurant": 3
    }
},
{
    "model": "restaurants.meal",
    "pk": 14,
    "fields": {
        "name": "Picanha na Brasa",
        "short_description": " Tradicional corte brasileiro, servido com farofa, vinagrete e arroz.",
        "image": "meal_images/download_23.jpeg",
        "price": "2500.00",
        "quantity": 1,
        "category": 1,
        "restaurant": 3
    }
},
{
    "model": "restaurants.meal",
    "pk": 15,
    "fields": {
        "name": "Bife de Ancho",
        "short_description": " Corte suculento de carne bovina, acompanhado de batatas rústicas e legumes grelhados",
        "image": "meal_images/images.jpeg",
        "price": "3250.00",
        "quantity": 1,
        "category": 1,
        "restaurant": 3
    }
},
{
    "model": "restaurants.meal",
    "pk": 16,
    "fields": {
        "name": "Farofa de Bacon",
        "short_description": " Farofa crocante com pedaços de bacon.",
        "image": "meal_images/download_24.jpeg",
        "price": "3500.00",
        "quantity": 1,
        "category": 1,
        "restaurant": 3
    }
},
{
    "model": "restaurants.meal",
    "pk": 17,
    "fields": {
        "name": "Linguiça Artesanal",
        "short_description": "Linguiça grelhada com molho chimichurri.",
        "image": "meal_images/download_9.jpeg",
        "price": "2000.00",
        "quantity": 1,
        "category": 1,
        "restaurant": 3
    }
},
{
    "model": "restaurants.meal",
    "pk": 18,
    "fields": {
        "name": "Costelinha BBQ",
        "short_description": "Costelinhas de porco ao molho barbecue.",
        "image": "meal_images/download_10.jpeg",
        "price": "2000.00",
        "quantity": 1,
        "category": 1,
        "restaurant": 3
    }
},
{
    "model": "restaurants.meal",
    "pk": 19,
    "fields": {
        "name": " Mikate",
        "short_description": "Bolinhos fritos feitos de uma massa levemente adocicada.",
        "image": "meal_images/download_25.jpeg",
        "price": "2500.00",
        "quantity": 1,
        "category": 3,
        "restaurant": 1
    }
},
{
    "model": "restaurants.meal",
    "pk": 20,
    "fields": {
        "name": "Dikanza",
        "short_description": "Carne de caça grelhada, geralmente servida com funge",
        "image": "meal_images/download_26.jpeg",
        "price": "3000.00",
        "quantity": 1,
        "category": 2,
        "restaurant": 1
    }
},
{
    "model": "restaurants.meal",
    "pk": 21,
    "fields": {
        "name": "Moamba de Galinha",
        "short_description": "Frango cozido com óleo de palma, quiabo e abóbora",
        "image": "meal_images/images_1.jpeg",
        "price": "2500.00",
        "quantity": 1,
        "category": 2,
        "restaurant": 1
    }
},
{
    "model": "restaurants.meal",
    "pk": 22,
    "fields": {
        "name": " Ginguinha",
        "short_description": "Marisco cozido, geralmente servido com arroz",
        "image": "meal_images/download_27.jpeg",
        "price": "3000.00",
        "quantity": 1,
        "category": 2,
        "restaurant": 1
    }
},
{
    "model": "restaurants.meal",
    "pk": 23,
    "fields": {
        "name": "Chikuanga",
        "short_description": " Pão de mandioca enrolado em folhas de bananeira.",
        "image": "meal_images/download_28.jpeg",
        "price": "1000.00",
        "quantity": 1,
        "category": 5,
        "restaurant": 1
    }
},
{
    "model": "restaurants.meal",
    "pk": 24,
    "fields": {
        "name": "Pirão",
        "short_description": "Farinha de mandioca ou milho cozida com água até formar um purê",
        "image": "meal_images/download_29.jpeg",
        "price": "1500.00",
        "quantity": 1,
        "category": 5,
        "restaurant": 1
    }
},
{
    "model": "restaurants.meal",
    "pk": 25,
    "fields": {
        "name": "Salada Mediterrânea",
        "short_description": " Mix de folhas verdes, azeitonas, tomate seco, pepino, cebola roxa, queijo feta e vinagrete de limã",
        "image": "meal_images/download_4.jpeg",
        "price": "2000.00",
        "quantity": 1,
        "category": 6,
        "restaurant": 2
    }
},
{
    "model": "restaurants.meal",
    "pk": 26,
    "fields": {
        "name": "Salada de Quinoa e Legumes",
        "short_description": " Quinoa cozida com cenoura, abobrinha, pimentão e molho de tahine.",
        "image": "meal_images/salada-de-quinoa.jpg",
        "price": "1500.00",
        "quantity": 1,
        "category": 6,
        "restaurant": 2
    }
},
{
    "model": "restaurants.meal",
    "pk": 27,
    "fields": {
        "name": "Salada Caprese",
        "short_description": " Tomate, mussarela de búfala e manjericão fresco com azeite balsâmico.",
        "image": "meal_images/download_6.jpeg",
        "price": "1500.00",
        "quantity": 1,
        "category": 6,
        "restaurant": 2
    }
},
{
    "model": "restaurants.openinghour",
    "pk": 1,
    "fields": {
        "restaurant": 1,
        "day": 1,
        "from_hour": "12:00 AM",
        "to_hour": "12:30 AM",
        "is_closed": false
    }
},
{
    "model": "restaurants.openinghour",
    "pk": 2,
    "fields": {
        "restaurant": 1,
        "day": 2,
        "from_hour": "",
        "to_hour": "",
        "is_closed": true
    }
},
{
    "model": "restaurants.openinghour",
    "pk": 3,
    "fields": {
        "restaurant": 2,
        "day": 1,
        "from_hour": "12:00 AM",
        "to_hour": "02:30 PM",
        "is_closed": false
    }
},
{
    "model": "restaurants.openinghour",
    "pk": 4,
    "fields": {
        "restaurant": 2,
        "day": 2,
        "from_hour": "12:00 AM",
        "to_hour": "02:30 PM",
        "is_closed": false
    }
},
{
    "model": "restaurants.openinghour",
    "pk": 5,
    "fields": {
        "restaurant": 3,
        "day": 4,
        "from_hour": "12:00 AM",
        "to_hour": "11:30 PM",
        "is_closed": false
    }
},
{
    "model": "restaurants.openinghour",
    "pk": 6,
    "fields": {
        "restaurant": 3,
        "day": 2,
        "from_hour": "12:00 AM",
        "to_hour": "11:30 PM",
        "is_closed": false
    }
},
{
    "model": "restaurants.openinghour",
    "pk": 7,
    "fields": {
        "restaurant": 3,
        "day": 1,
        "from_hour": "12:00 AM",
        "to_hour": "11:30 PM",
        "is_closed": false
    }
},
{
    "model": "restaurants.openinghour",
    "pk": 8,
    "fields": {
        "restaurant": 4,
        "day": 1,
        "from_hour": "12:00 AM",
        "to_hour": "11:30 PM",
        "is_closed": false
    }
},
{
    "model": "restaurants.openinghour",
    "pk": 9,
    "fields": {
        "restaurant": 4,
        "day": 2,
        "from_hour": "12:00 AM",
        "to_hour": "11:30 PM",
        "is_closed": false
    }
},
{
    "model": "restaurants.openinghour",
    "pk": 10,
    "fields": {
        "restaurant": 4,
        "day": 3,
        "from_hour": "12:00 AM",
        "to_hour": "11:30 PM",
        "is_closed": false
    }
},
{
    "model": "restaurants.openinghour",
    "pk": 11,
    "fields": {
        "restaurant": 4,
        "day": 4,
        "from_hour": "12:00 AM",
        "to_hour": "11:30 PM",
        "is_closed": false
    }
},
{
    "model": "restaurants.openinghour",
    "pk": 12,
    "fields": {
        "restaurant": 4,
        "day": 5,
        "from_hour": "12:00 AM",
        "to_hour": "11:30 PM",
        "is_closed": false
    }
},
{
    "model": "restaurants.openinghour",
    "pk": 13,
    "fields": {
        "restaurant": 3,
        "day": 3,
        "from_hour": "12:00 AM",
        "to_hour": "10:00 PM",
        "is_closed": false
    }
},
{
    "model": "restaurants.openinghour",
    "pk": 14,
    "fields": {
        "restaurant": 4,
        "day": 7,
        "from_hour": "12:00 AM",
        "to_hour": "11:30 PM",
        "is_closed": false
    }
},
{
    "model": "restaurants.openinghour",
    "pk": 15,
    "fields": {
        "restaurant": 4,
        "day": 6,
        "from_hour": "12:00 AM",
        "to_hour": "11:30 PM",
        "is_closed": false
    }
},
{
    "model": "restaurants.openinghour",
    "pk": 16,
    "fields": {
        "restaurant": 3,
        "day": 6,
        "from_hour": "12:00 AM",
        "to_hour": "11:30 PM",
        "is_closed": false
    }
},
{
    "model": "restaurants.openinghour",
    "pk": 17,
    "fields": {
        "restaurant": 3,
        "day": 7,
        "from_hour": "12:00 AM",
        "to_hour": "11:30 PM",
        "is_closed": false
    }
},
{
    "model": "info.aboutus",
    "pk": 1,
    "fields": {
        "title": "Kudyua",
        "logo": "logo/azul.png",
        "backgroundImage": "",
        "backgroundApp": "",
        "about": "<h2><strong>Kudya - Entrega de Comida Rápida e Fácil</strong></h2><h3><strong>Objetivo do Kudya</strong></h3><p>O Kudya tem como objetivo revolucionar a indústria de entrega de comida, proporcionando uma plataforma prática, rápida e fácil de usar para que os clientes possam pedir suas refeições favoritas dos melhores restaurantes locais. Nossa meta é tornar a entrega de comida uma experiência simples e agradável para todos.</p><h3><strong>Vantagens do Kudya</strong></h3><ol><li><strong>Ampla Seleção de Restaurantes</strong>: Em parceria com uma variedade de restaurantes locais, o Kudya oferece uma vasta gama de culinárias para satisfazer qualquer desejo.</li><li><strong>Interface Amigável</strong>: O aplicativo é projetado com simplicidade e facilidade de uso em mente, garantindo um processo de pedido suave e sem complicações.</li><li><strong>Entrega Rápida</strong>: Priorizamos tempos de entrega rápidos para garantir que os clientes recebam suas refeições frescas e quentes.</li><li><strong>Rastreamento em Tempo Real</strong>: Os clientes podem rastrear seus pedidos em tempo real, proporcionando transparência e tranquilidade.</li><li><strong>Opções de Pagamento Seguras</strong>: Oferecemos múltiplos métodos de pagamento seguros, incluindo pagamentos com cartão, na entrega e transferência eletrônica de fundos (TEF).</li></ol><h3><strong>Funcionalidades do Kudya</strong></h3><ul><li><strong>Listagem de Restaurantes</strong>: Navegue e selecione de uma lista de restaurantes parceiros com base na localização, culinária ou popularidade.</li><li><strong>Personalização de Pedidos</strong>: Personalize seu pedido com instruções especiais e preferências alimentares.</li><li><strong>Rastreamento de Pedidos</strong>: Rastreamento em tempo real dos pedidos, do restaurante até a sua porta.</li><li><strong>Métodos de Pagamento</strong>: Múltiplas opções de pagamento para conveniência e segurança.</li><li><strong>Avaliações e Comentários</strong>: Avalie sua experiência e leia avaliações de outros clientes para fazer escolhas informadas.</li></ul><h3><strong>Benefícios do Kudya</strong></h3><ul><li><strong>Conveniência</strong>: Peça comida do conforto da sua casa ou escritório com apenas alguns cliques.</li><li><strong>Variedade</strong>: Acesso a uma ampla gama de culinárias e pratos de restaurantes locais.</li><li><strong>Economia de Tempo</strong>: Evite o incômodo de cozinhar ou sair para comer, economizando tempo valioso.</li><li><strong>Ofertas Especiais</strong>: Aproveite ofertas exclusivas e descontos de restaurantes parceiros.</li><li><strong>Suporte ao Cliente</strong>: Suporte ao cliente dedicado para ajudar com qualquer problema ou dúvida.</li></ul>",
        "born_date": null,
        "address": null,
        "phone": null,
        "email": null,
        "github": null,
        "linkedin": null,
        "facebook": null,
        "twitter": null,
        "instagram": null
    }
},
{
    "model": "careers.career",
    "pk": 1,
    "fields": {
        "title": "Gerente de Operações",
        "description": "<ul><li><p style=\"margin-left:0px;\"><strong>Responsabilidades</strong>:</p><ul><li><p style=\"margin-left:0px;\">Supervisionar todas as operações diárias da plataforma.</p></li><li><p style=\"margin-left:0px;\">Coordenar com a equipe de logística para otimizar rotas de entrega.</p></li><li><p style=\"margin-left:0px;\">Gerenciar parcerias com restaurantes e fornecedores.</p></li><li><p style=\"margin-left:0px;\">Monitorar a eficiência das operações e implementar melhorias.</p></li><li><p style=\"margin-left:0px;\">Resolver problemas operacionais e de logística rapidamente.</p></li><li><p style=\"margin-left:0px;\">Treinar e gerenciar a equipe de operações.</p></li><li><p style=\"margin-left:0px;\">Analisar dados operacionais para tomar decisões estratégicas.</p></li></ul></li></ul>"
    }
},
{
    "model": "careers.career",
    "pk": 2,
    "fields": {
        "title": "Coordenador de Logística",
        "description": "<ul><li><p style=\"margin-left:0px;\"><strong>Responsabilidades</strong>:</p><ul><li><p style=\"margin-left:0px;\">Planejar e otimizar rotas de entrega para garantir pontualidade.</p></li><li><p style=\"margin-left:0px;\">Gerenciar e alocar recursos de entrega de maneira eficiente.</p></li><li><p style=\"margin-left:0px;\">Monitorar o status das entregas e resolver problemas em tempo real.</p></li><li><p style=\"margin-left:0px;\">Manter comunicação constante com os entregadores.</p></li><li><p style=\"margin-left:0px;\">Colaborar com parceiros logísticos externos.</p></li><li><p style=\"margin-left:0px;\">Garantir que todas as entregas estejam em conformidade com os padrões de qualidade.</p></li><li><p style=\"margin-left:0px;\">Analisar dados logísticos para identificar áreas de melhoria.</p></li></ul></li></ul>"
    }
},
{
    "model": "careers.career",
    "pk": 3,
    "fields": {
        "title": "Representantes de Suporte ao Cliente",
        "description": "<ul><li><p style=\"margin-left:0px;\"><strong>Responsabilidades</strong>:</p><ul><li><p style=\"margin-left:0px;\">Atender chamadas, e-mails e mensagens de clientes.</p></li><li><p style=\"margin-left:0px;\">Resolver dúvidas, reclamações e fornecer suporte técnico.</p></li><li><p style=\"margin-left:0px;\">Documentar interações com clientes e feedbacks.</p></li><li><p style=\"margin-left:0px;\">Colaborar com outras equipes para resolver problemas complexos.</p></li><li><p style=\"margin-left:0px;\">Manter um alto nível de satisfação do cliente.</p></li><li><p style=\"margin-left:0px;\">Atualizar regularmente o conhecimento sobre produtos e serviços.</p></li><li><p style=\"margin-left:0px;\">Participar de treinamentos para melhorar habilidades de atendimento.</p></li></ul></li></ul>"
    }
},
{
    "model": "careers.career",
    "pk": 4,
    "fields": {
        "title": "Gerente de Marketing",
        "description": "<ul><li><p style=\"margin-left:0px;\"><strong>Responsabilidades</strong>:</p><ul><li><p style=\"margin-left:0px;\">Desenvolver e implementar estratégias de marketing para atrair clientes e restaurantes.</p></li><li><p style=\"margin-left:0px;\">Gerenciar campanhas de marketing digital, incluindo SEO, SEM e redes sociais.</p></li><li><p style=\"margin-left:0px;\">Analisar dados de mercado e campanhas para otimizar resultados.</p></li><li><p style=\"margin-left:0px;\">Colaborar com a equipe de design para criar materiais de marketing.</p></li><li><p style=\"margin-left:0px;\">Coordenar eventos promocionais e parcerias estratégicas.</p></li><li><p style=\"margin-left:0px;\">Monitorar tendências do mercado e concorrência.</p></li><li><p style=\"margin-left:0px;\">Gerenciar o orçamento de marketing e garantir o melhor retorno sobre investimento.</p></li></ul></li></ul><p><br>&nbsp;</p>"
    }
},
{
    "model": "careers.career",
    "pk": 5,
    "fields": {
        "title": "Gerente de Mídias Sociais",
        "description": "<ul><li><p style=\"margin-left:0px;\"><strong>Responsabilidades</strong>:</p><ul><li><p style=\"margin-left:0px;\">Planejar e executar estratégias de conteúdo para redes sociais.</p></li><li><p style=\"margin-left:0px;\">Criar e publicar posts atraentes e envolventes.</p></li><li><p style=\"margin-left:0px;\">Monitorar e responder a interações nas redes sociais.</p></li><li><p style=\"margin-left:0px;\">Analisar métricas de desempenho e ajustar estratégias conforme necessário.</p></li><li><p style=\"margin-left:0px;\">Colaborar com influenciadores e parceiros de mídia social.</p></li><li><p style=\"margin-left:0px;\">Manter-se atualizado com as tendências e mudanças nas redes sociais.</p></li><li><p style=\"margin-left:0px;\">Criar relatórios de desempenho e sugerir melhorias.</p></li></ul></li></ul><p><br>&nbsp;</p>"
    }
},
{
    "model": "careers.career",
    "pk": 6,
    "fields": {
        "title": "Criador de Conteúdo/Redator",
        "description": "<ul><li><p style=\"margin-left:0px;\"><strong>Responsabilidades</strong>:</p><ul><li><p style=\"margin-left:0px;\">Escrever e editar conteúdo para o site, blog e campanhas de marketing.</p></li><li><p style=\"margin-left:0px;\">Desenvolver histórias envolventes que ressoem com o público-alvo.</p></li><li><p style=\"margin-left:0px;\">Colaborar com designers para criar conteúdo visualmente atraente.</p></li><li><p style=\"margin-left:0px;\">Realizar pesquisa de palavras-chave para SEO.</p></li><li><p style=\"margin-left:0px;\">Manter consistência no tom de voz e estilo da marca.</p></li><li><p style=\"margin-left:0px;\">Monitorar o desempenho do conteúdo e ajustar conforme necessário.</p></li><li><p style=\"margin-left:0px;\">Manter-se atualizado com as melhores práticas de redação e marketing de conteúdo.</p></li></ul></li></ul><p><br>&nbsp;</p>"
    }
},
{
    "model": "careers.career",
    "pk": 7,
    "fields": {
        "title": "Representante de Vendas",
        "description": "<ul><li><p style=\"margin-left:0px;\"><strong>Responsabilidades</strong>:</p><ul><li><p style=\"margin-left:0px;\">Identificar e prospectar novos restaurantes e parceiros.</p></li><li><p style=\"margin-left:0px;\">Realizar apresentações e reuniões para integrar novos parceiros à plataforma.</p></li><li><p style=\"margin-left:0px;\">Negociar contratos e termos de parceria.</p></li><li><p style=\"margin-left:0px;\">Manter relacionamentos sólidos com os parceiros existentes.</p></li><li><p style=\"margin-left:0px;\">Atingir e superar metas de vendas estabelecidas.</p></li><li><p style=\"margin-left:0px;\">Coletar feedback dos parceiros e sugerir melhorias.</p></li><li><p style=\"margin-left:0px;\">Participar de eventos e feiras para promover a plataforma.</p></li></ul></li></ul>"
    }
},
{
    "model": "careers.career",
    "pk": 8,
    "fields": {
        "title": "Analista de Negócios",
        "description": "<ul><li><p style=\"margin-left:0px;\"><strong>Responsabilidades</strong>:</p><ul><li><p style=\"margin-left:0px;\">Analisar dados de mercado e desempenho da plataforma.</p></li><li><p style=\"margin-left:0px;\">Identificar oportunidades de melhoria e crescimento.</p></li><li><p style=\"margin-left:0px;\">Colaborar com a equipe de produto para definir requisitos.</p></li><li><p style=\"margin-left:0px;\">Desenvolver relatórios e dashboards para tomada de decisão.</p></li><li><p style=\"margin-left:0px;\">Conduzir pesquisas de mercado e concorrência.</p></li><li><p style=\"margin-left:0px;\">Coletar e analisar feedback dos clientes.</p></li><li><p style=\"margin-left:0px;\">Sugerir estratégias baseadas em dados para otimizar operações e produtos.</p></li></ul></li></ul>"
    }
},
{
    "model": "careers.career",
    "pk": 9,
    "fields": {
        "title": "Entregadores",
        "description": "<ul><li><p style=\"margin-left:0px;\"><strong>Responsabilidades</strong>:</p><ul><li><p style=\"margin-left:0px;\">Realizar entregas de pedidos aos clientes de forma segura e eficiente.</p></li><li><p style=\"margin-left:0px;\">Seguir rotas otimizadas para garantir pontualidade.</p></li><li><p style=\"margin-left:0px;\">Manter comunicação com o coordenador de logística.</p></li><li><p style=\"margin-left:0px;\">Garantir a integridade dos pedidos durante o transporte.</p></li><li><p style=\"margin-left:0px;\">Lidar com problemas de entrega em tempo real.</p></li><li><p style=\"margin-left:0px;\">Coletar feedback dos clientes sobre o serviço de entrega.</p></li><li><p style=\"margin-left:0px;\">Manter</p></li></ul></li></ul>"
    }
},
{
    "model": "auth.permission",
    "fields": {
        "name": "Can add log entry",
        "content_type": [
            "admin",
            "logentry"
        ],
        "codename": "add_logentry"
    }
},
{
    "model": "auth.permission",
    "fields": {
        "name": "Can change log entry",
        "content_type": [
            "admin",
            "logentry"
        ],
        "codename": "change_logentry"
    }
},
{
    "model": "auth.permission",
    "fields": {
        "name": "Can delete log entry",
        "content_type": [
            "admin",
            "logentry"
        ],
        "codename": "delete_logentry"
    }
},
{
    "model": "auth.permission",
    "fields": {
        "name": "Can view log entry",
        "content_type": [
            "admin",
            "logentry"
        ],
        "codename": "view_logentry"
    }
},
{
    "model": "auth.permission",
    "fields": {
        "name": "Can add permission",
        "content_type": [
            "auth",
            "permission"
        ],
        "codename": "add_permission"
    }
},
{
    "model": "auth.permission",
    "fields": {
        "name": "Can change permission",
        "content_type": [
            "auth",
            "permission"
        ],
        "codename": "change_permission"
    }
},
{
    "model": "auth.permission",
    "fields": {
        "name": "Can delete permission",
        "content_type": [
            "auth",
            "permission"
        ],
        "codename": "delete_permission"
    }
},
{
    "model": "auth.permission",
    "fields": {
        "name": "Can view permission",
        "content_type": [
            "auth",
            "permission"
        ],
        "codename": "view_permission"
    }
},
{
    "model": "auth.permission",
    "fields": {
        "name": "Can add group",
        "content_type": [
            "auth",
            "group"
        ],
        "codename": "add_group"
    }
},
{
    "model": "auth.permission",
    "fields": {
        "name": "Can change group",
        "content_type": [
            "auth",
            "group"
        ],
        "codename": "change_group"
    }
},
{
    "model": "auth.permission",
    "fields": {
        "name": "Can delete group",
        "content_type": [
            "auth",
            "group"
        ],
        "codename": "delete_group"
    }
},
{
    "model": "auth.permission",
    "fields": {
        "name": "Can view group",
        "content_type": [
            "auth",
            "group"
        ],
        "codename": "view_group"
    }
},
{
    "model": "auth.permission",
    "fields": {
        "name": "Can add content type",
        "content_type": [
            "contenttypes",
            "contenttype"
        ],
        "codename": "add_contenttype"
    }
},
{
    "model": "auth.permission",
    "fields": {
        "name": "Can change content type",
        "content_type": [
            "contenttypes",
            "contenttype"
        ],
        "codename": "change_contenttype"
    }
},
{
    "model": "auth.permission",
    "fields": {
        "name": "Can delete content type",
        "content_type": [
            "contenttypes",
            "contenttype"
        ],
        "codename": "delete_contenttype"
    }
},
{
    "model": "auth.permission",
    "fields": {
        "name": "Can view content type",
        "content_type": [
            "contenttypes",
            "contenttype"
        ],
        "codename": "view_contenttype"
    }
},
{
    "model": "auth.permission",
    "fields": {
        "name": "Can add session",
        "content_type": [
            "sessions",
            "session"
        ],
        "codename": "add_session"
    }
},
{
    "model": "auth.permission",
    "fields": {
        "name": "Can change session",
        "content_type": [
            "sessions",
            "session"
        ],
        "codename": "change_session"
    }
},
{
    "model": "auth.permission",
    "fields": {
        "name": "Can delete session",
        "content_type": [
            "sessions",
            "session"
        ],
        "codename": "delete_session"
    }
},
{
    "model": "auth.permission",
    "fields": {
        "name": "Can view session",
        "content_type": [
            "sessions",
            "session"
        ],
        "codename": "view_session"
    }
},
{
    "model": "auth.permission",
    "fields": {
        "name": "Can add user",
        "content_type": [
            "contas",
            "user"
        ],
        "codename": "add_user"
    }
},
{
    "model": "auth.permission",
    "fields": {
        "name": "Can change user",
        "content_type": [
            "contas",
            "user"
        ],
        "codename": "change_user"
    }
},
{
    "model": "auth.permission",
    "fields": {
        "name": "Can delete user",
        "content_type": [
            "contas",
            "user"
        ],
        "codename": "delete_user"
    }
},
{
    "model": "auth.permission",
    "fields": {
        "name": "Can view user",
        "content_type": [
            "contas",
            "user"
        ],
        "codename": "view_user"
    }
},
{
    "model": "auth.permission",
    "fields": {
        "name": "Can add Cliente",
        "content_type": [
            "curtomers",
            "customer"
        ],
        "codename": "add_customer"
    }
},
{
    "model": "auth.permission",
    "fields": {
        "name": "Can change Cliente",
        "content_type": [
            "curtomers",
            "customer"
        ],
        "codename": "change_customer"
    }
},
{
    "model": "auth.permission",
    "fields": {
        "name": "Can delete Cliente",
        "content_type": [
            "curtomers",
            "customer"
        ],
        "codename": "delete_customer"
    }
},
{
    "model": "auth.permission",
    "fields": {
        "name": "Can view Cliente",
        "content_type": [
            "curtomers",
            "customer"
        ],
        "codename": "view_customer"
    }
},
{
    "model": "auth.permission",
    "fields": {
        "name": "Can add category",
        "content_type": [
            "restaurants",
            "mealcategory"
        ],
        "codename": "add_mealcategory"
    }
},
{
    "model": "auth.permission",
    "fields": {
        "name": "Can change category",
        "content_type": [
            "restaurants",
            "mealcategory"
        ],
        "codename": "change_mealcategory"
    }
},
{
    "model": "auth.permission",
    "fields": {
        "name": "Can delete category",
        "content_type": [
            "restaurants",
            "mealcategory"
        ],
        "codename": "delete_mealcategory"
    }
},
{
    "model": "auth.permission",
    "fields": {
        "name": "Can view category",
        "content_type": [
            "restaurants",
            "mealcategory"
        ],
        "codename": "view_mealcategory"
    }
},
{
    "model": "auth.permission",
    "fields": {
        "name": "Can add category",
        "content_type": [
            "restaurants",
            "restaurantcategory"
        ],
        "codename": "add_restaurantcategory"
    }
},
{
    "model": "auth.permission",
    "fields": {
        "name": "Can change category",
        "content_type": [
            "restaurants",
            "restaurantcategory"
        ],
        "codename": "change_restaurantcategory"
    }
},
{
    "model": "auth.permission",
    "fields": {
        "name": "Can delete category",
        "content_type": [
            "restaurants",
            "restaurantcategory"
        ],
        "codename": "delete_restaurantcategory"
    }
},
{
    "model": "auth.permission",
    "fields": {
        "name": "Can view category",
        "content_type": [
            "restaurants",
            "restaurantcategory"
        ],
        "codename": "view_restaurantcategory"
    }
},
{
    "model": "auth.permission",
    "fields": {
        "name": "Can add restaurant",
        "content_type": [
            "restaurants",
            "restaurant"
        ],
        "codename": "add_restaurant"
    }
},
{
    "model": "auth.permission",
    "fields": {
        "name": "Can change restaurant",
        "content_type": [
            "restaurants",
            "restaurant"
        ],
        "codename": "change_restaurant"
    }
},
{
    "model": "auth.permission",
    "fields": {
        "name": "Can delete restaurant",
        "content_type": [
            "restaurants",
            "restaurant"
        ],
        "codename": "delete_restaurant"
    }
},
{
    "model": "auth.permission",
    "fields": {
        "name": "Can view restaurant",
        "content_type": [
            "restaurants",
            "restaurant"
        ],
        "codename": "view_restaurant"
    }
},
{
    "model": "auth.permission",
    "fields": {
        "name": "Can add Refeição",
        "content_type": [
            "restaurants",
            "meal"
        ],
        "codename": "add_meal"
    }
},
{
    "model": "auth.permission",
    "fields": {
        "name": "Can change Refeição",
        "content_type": [
            "restaurants",
            "meal"
        ],
        "codename": "change_meal"
    }
},
{
    "model": "auth.permission",
    "fields": {
        "name": "Can delete Refeição",
        "content_type": [
            "restaurants",
            "meal"
        ],
        "codename": "delete_meal"
    }
},
{
    "model": "auth.permission",
    "fields": {
        "name": "Can view Refeição",
        "content_type": [
            "restaurants",
            "meal"
        ],
        "codename": "view_meal"
    }
},
{
    "model": "auth.permission",
    "fields": {
        "name": "Can add opening hour",
        "content_type": [
            "restaurants",
            "openinghour"
        ],
        "codename": "add_openinghour"
    }
},
{
    "model": "auth.permission",
    "fields": {
        "name": "Can change opening hour",
        "content_type": [
            "restaurants",
            "openinghour"
        ],
        "codename": "change_openinghour"
    }
},
{
    "model": "auth.permission",
    "fields": {
        "name": "Can delete opening hour",
        "content_type": [
            "restaurants",
            "openinghour"
        ],
        "codename": "delete_openinghour"
    }
},
{
    "model": "auth.permission",
    "fields": {
        "name": "Can view opening hour",
        "content_type": [
            "restaurants",
            "openinghour"
        ],
        "codename": "view_openinghour"
    }
},
{
    "model": "auth.permission",
    "fields": {
        "name": "Can add Motorista",
        "content_type": [
            "drivers",
            "driver"
        ],
        "codename": "add_driver"
    }
},
{
    "model": "auth.permission",
    "fields": {
        "name": "Can change Motorista",
        "content_type": [
            "drivers",
            "driver"
        ],
        "codename": "change_driver"
    }
},
{
    "model": "auth.permission",
    "fields": {
        "name": "Can delete Motorista",
        "content_type": [
            "drivers",
            "driver"
        ],
        "codename": "delete_driver"
    }
},
{
    "model": "auth.permission",
    "fields": {
        "name": "Can view Motorista",
        "content_type": [
            "drivers",
            "driver"
        ],
        "codename": "view_driver"
    }
},
{
    "model": "auth.permission",
    "fields": {
        "name": "Can add Pedido",
        "content_type": [
            "order",
            "order"
        ],
        "codename": "add_order"
    }
},
{
    "model": "auth.permission",
    "fields": {
        "name": "Can change Pedido",
        "content_type": [
            "order",
            "order"
        ],
        "codename": "change_order"
    }
},
{
    "model": "auth.permission",
    "fields": {
        "name": "Can delete Pedido",
        "content_type": [
            "order",
            "order"
        ],
        "codename": "delete_order"
    }
},
{
    "model": "auth.permission",
    "fields": {
        "name": "Can view Pedido",
        "content_type": [
            "order",
            "order"
        ],
        "codename": "view_order"
    }
},
{
    "model": "auth.permission",
    "fields": {
        "name": "Can add Detalhe do pedido",
        "content_type": [
            "order",
            "orderdetails"
        ],
        "codename": "add_orderdetails"
    }
},
{
    "model": "auth.permission",
    "fields": {
        "name": "Can change Detalhe do pedido",
        "content_type": [
            "order",
            "orderdetails"
        ],
        "codename": "change_orderdetails"
    }
},
{
    "model": "auth.permission",
    "fields": {
        "name": "Can delete Detalhe do pedido",
        "content_type": [
            "order",
            "orderdetails"
        ],
        "codename": "delete_orderdetails"
    }
},
{
    "model": "auth.permission",
    "fields": {
        "name": "Can view Detalhe do pedido",
        "content_type": [
            "order",
            "orderdetails"
        ],
        "codename": "view_orderdetails"
    }
},
{
    "model": "auth.permission",
    "fields": {
        "name": "Can add invoice",
        "content_type": [
            "report",
            "invoice"
        ],
        "codename": "add_invoice"
    }
},
{
    "model": "auth.permission",
    "fields": {
        "name": "Can change invoice",
        "content_type": [
            "report",
            "invoice"
        ],
        "codename": "change_invoice"
    }
},
{
    "model": "auth.permission",
    "fields": {
        "name": "Can delete invoice",
        "content_type": [
            "report",
            "invoice"
        ],
        "codename": "delete_invoice"
    }
},
{
    "model": "auth.permission",
    "fields": {
        "name": "Can view invoice",
        "content_type": [
            "report",
            "invoice"
        ],
        "codename": "view_invoice"
    }
},
{
    "model": "auth.permission",
    "fields": {
        "name": "Can add about us ",
        "content_type": [
            "info",
            "aboutus"
        ],
        "codename": "add_aboutus"
    }
},
{
    "model": "auth.permission",
    "fields": {
        "name": "Can change about us ",
        "content_type": [
            "info",
            "aboutus"
        ],
        "codename": "change_aboutus"
    }
},
{
    "model": "auth.permission",
    "fields": {
        "name": "Can delete about us ",
        "content_type": [
            "info",
            "aboutus"
        ],
        "codename": "delete_aboutus"
    }
},
{
    "model": "auth.permission",
    "fields": {
        "name": "Can view about us ",
        "content_type": [
            "info",
            "aboutus"
        ],
        "codename": "view_aboutus"
    }
},
{
    "model": "auth.permission",
    "fields": {
        "name": "Can add Client contact",
        "content_type": [
            "info",
            "contact"
        ],
        "codename": "add_contact"
    }
},
{
    "model": "auth.permission",
    "fields": {
        "name": "Can change Client contact",
        "content_type": [
            "info",
            "contact"
        ],
        "codename": "change_contact"
    }
},
{
    "model": "auth.permission",
    "fields": {
        "name": "Can delete Client contact",
        "content_type": [
            "info",
            "contact"
        ],
        "codename": "delete_contact"
    }
},
{
    "model": "auth.permission",
    "fields": {
        "name": "Can view Client contact",
        "content_type": [
            "info",
            "contact"
        ],
        "codename": "view_contact"
    }
},
{
    "model": "auth.permission",
    "fields": {
        "name": "Can add image",
        "content_type": [
            "info",
            "image"
        ],
        "codename": "add_image"
    }
},
{
    "model": "auth.permission",
    "fields": {
        "name": "Can change image",
        "content_type": [
            "info",
            "image"
        ],
        "codename": "change_image"
    }
},
{
    "model": "auth.permission",
    "fields": {
        "name": "Can delete image",
        "content_type": [
            "info",
            "image"
        ],
        "codename": "delete_image"
    }
},
{
    "model": "auth.permission",
    "fields": {
        "name": "Can view image",
        "content_type": [
            "info",
            "image"
        ],
        "codename": "view_image"
    }
},
{
    "model": "auth.permission",
    "fields": {
        "name": "Can add Squad",
        "content_type": [
            "info",
            "team"
        ],
        "codename": "add_team"
    }
},
{
    "model": "auth.permission",
    "fields": {
        "name": "Can change Squad",
        "content_type": [
            "info",
            "team"
        ],
        "codename": "change_team"
    }
},
{
    "model": "auth.permission",
    "fields": {
        "name": "Can delete Squad",
        "content_type": [
            "info",
            "team"
        ],
        "codename": "delete_team"
    }
},
{
    "model": "auth.permission",
    "fields": {
        "name": "Can view Squad",
        "content_type": [
            "info",
            "team"
        ],
        "codename": "view_team"
    }
},
{
    "model": "auth.permission",
    "fields": {
        "name": "Can add why choose us ",
        "content_type": [
            "info",
            "why_choose_us"
        ],
        "codename": "add_why_choose_us"
    }
},
{
    "model": "auth.permission",
    "fields": {
        "name": "Can change why choose us ",
        "content_type": [
            "info",
            "why_choose_us"
        ],
        "codename": "change_why_choose_us"
    }
},
{
    "model": "auth.permission",
    "fields": {
        "name": "Can delete why choose us ",
        "content_type": [
            "info",
            "why_choose_us"
        ],
        "codename": "delete_why_choose_us"
    }
},
{
    "model": "auth.permission",
    "fields": {
        "name": "Can view why choose us ",
        "content_type": [
            "info",
            "why_choose_us"
        ],
        "codename": "view_why_choose_us"
    }
},
{
    "model": "auth.permission",
    "fields": {
        "name": "Can add chat",
        "content_type": [
            "info",
            "chat"
        ],
        "codename": "add_chat"
    }
},
{
    "model": "auth.permission",
    "fields": {
        "name": "Can change chat",
        "content_type": [
            "info",
            "chat"
        ],
        "codename": "change_chat"
    }
},
{
    "model": "auth.permission",
    "fields": {
        "name": "Can delete chat",
        "content_type": [
            "info",
            "chat"
        ],
        "codename": "delete_chat"
    }
},
{
    "model": "auth.permission",
    "fields": {
        "name": "Can view chat",
        "content_type": [
            "info",
            "chat"
        ],
        "codename": "view_chat"
    }
},
{
    "model": "auth.permission",
    "fields": {
        "name": "Can add carousel",
        "content_type": [
            "info",
            "carousel"
        ],
        "codename": "add_carousel"
    }
},
{
    "model": "auth.permission",
    "fields": {
        "name": "Can change carousel",
        "content_type": [
            "info",
            "carousel"
        ],
        "codename": "change_carousel"
    }
},
{
    "model": "auth.permission",
    "fields": {
        "name": "Can delete carousel",
        "content_type": [
            "info",
            "carousel"
        ],
        "codename": "delete_carousel"
    }
},
{
    "model": "auth.permission",
    "fields": {
        "name": "Can view carousel",
        "content_type": [
            "info",
            "carousel"
        ],
        "codename": "view_carousel"
    }
},
{
    "model": "auth.permission",
    "fields": {
        "name": "Can add career",
        "content_type": [
            "careers",
            "career"
        ],
        "codename": "add_career"
    }
},
{
    "model": "auth.permission",
    "fields": {
        "name": "Can change career",
        "content_type": [
            "careers",
            "career"
        ],
        "codename": "change_career"
    }
},
{
    "model": "auth.permission",
    "fields": {
        "name": "Can delete career",
        "content_type": [
            "careers",
            "career"
        ],
        "codename": "delete_career"
    }
},
{
    "model": "auth.permission",
    "fields": {
        "name": "Can view career",
        "content_type": [
            "careers",
            "career"
        ],
        "codename": "view_career"
    }
},
{
    "model": "auth.permission",
    "fields": {
        "name": "Can add job application",
        "content_type": [
            "careers",
            "jobapplication"
        ],
        "codename": "add_jobapplication"
    }
},
{
    "model": "auth.permission",
    "fields": {
        "name": "Can change job application",
        "content_type": [
            "careers",
            "jobapplication"
        ],
        "codename": "change_jobapplication"
    }
},
{
    "model": "auth.permission",
    "fields": {
        "name": "Can delete job application",
        "content_type": [
            "careers",
            "jobapplication"
        ],
        "codename": "delete_jobapplication"
    }
},
{
    "model": "auth.permission",
    "fields": {
        "name": "Can view job application",
        "content_type": [
            "careers",
            "jobapplication"
        ],
        "codename": "view_jobapplication"
    }
},
{
    "model": "auth.permission",
    "fields": {
        "name": "Can add Token",
        "content_type": [
            "authtoken",
            "token"
        ],
        "codename": "add_token"
    }
},
{
    "model": "auth.permission",
    "fields": {
        "name": "Can change Token",
        "content_type": [
            "authtoken",
            "token"
        ],
        "codename": "change_token"
    }
},
{
    "model": "auth.permission",
    "fields": {
        "name": "Can delete Token",
        "content_type": [
            "authtoken",
            "token"
        ],
        "codename": "delete_token"
    }
},
{
    "model": "auth.permission",
    "fields": {
        "name": "Can view Token",
        "content_type": [
            "authtoken",
            "token"
        ],
        "codename": "view_token"
    }
},
{
    "model": "auth.permission",
    "fields": {
        "name": "Can add Token",
        "content_type": [
            "authtoken",
            "tokenproxy"
        ],
        "codename": "add_tokenproxy"
    }
},
{
    "model": "auth.permission",
    "fields": {
        "name": "Can change Token",
        "content_type": [
            "authtoken",
            "tokenproxy"
        ],
        "codename": "change_tokenproxy"
    }
},
{
    "model": "auth.permission",
    "fields": {
        "name": "Can delete Token",
        "content_type": [
            "authtoken",
            "tokenproxy"
        ],
        "codename": "delete_tokenproxy"
    }
},
{
    "model": "auth.permission",
    "fields": {
        "name": "Can view Token",
        "content_type": [
            "authtoken",
            "tokenproxy"
        ],
        "codename": "view_tokenproxy"
    }
},
{
    "model": "contas.user",
    "fields": {
        "password": "pbkdf2_sha256$260000$ex7804Dm1zV6jnwTzlqMCO$CoqQxLDwx33RuCb8aQQlT7npW4/qbPgKjv6XqRalE2g=",
        "last_login": null,
        "is_superuser": false,
        "username": "Mauro1",
        "first_name": "",
        "last_name": "",
        "email": "cunhamauro007@gmail.com",
        "is_staff": false,
        "is_active": true,
        "date_joined": "2024-05-21T22:04:04.870Z",
        "is_customer": false,
        "is_driver": false,
        "groups": [],
        "user_permissions": []
    }
},
{
    "model": "contas.user",
    "fields": {
        "password": "pbkdf2_sha256$260000$zT7UJkD4lSpgd08Va6b8Ol$kXk6/Al8WHfDqG8dm9pUZoeloVtyFQSuMpZaa2kwc8s=",
        "last_login": "2024-05-21T22:15:22.664Z",
        "is_superuser": true,
        "username": "ludmil",
        "first_name": "",
        "last_name": "",
        "email": "ludmilpaulo@gmail.com",
        "is_staff": true,
        "is_active": true,
        "date_joined": "2024-05-21T22:11:33.881Z",
        "is_customer": false,
        "is_driver": false,
        "groups": [],
        "user_permissions": []
    }
},
{
    "model": "contas.user",
    "fields": {
        "password": "pbkdf2_sha256$260000$6BF0pMG1ft9ga2pQBr3j31$n9JRZWL84wiE5ncpSYxbXXN9mMDddEyV2MLOtzw0wuc=",
        "last_login": null,
        "is_superuser": false,
        "username": "Cunha",
        "first_name": "",
        "last_name": "",
        "email": "cunhamauro007@gmail.com",
        "is_staff": false,
        "is_active": true,
        "date_joined": "2024-05-21T22:20:01.475Z",
        "is_customer": false,
        "is_driver": false,
        "groups": [],
        "user_permissions": []
    }
},
{
    "model": "contas.user",
    "fields": {
        "password": "pbkdf2_sha256$260000$V3ejyzKe1uGVrUkyncFgQj$nGl5ZCS9JkCosgwhyWOMKP6Sq9qyEO3Yt8IRCnCxJko=",
        "last_login": null,
        "is_superuser": false,
        "username": "test",
        "first_name": "",
        "last_name": "",
        "email": "maindoagency@gmail.com",
        "is_staff": false,
        "is_active": true,
        "date_joined": "2024-05-21T22:28:33.948Z",
        "is_customer": true,
        "is_driver": false,
        "groups": [],
        "user_permissions": []
    }
},
{
    "model": "contas.user",
    "fields": {
        "password": "pbkdf2_sha256$260000$jQxvHTBVepm0Cc4C4aodnr$S9qvS63wPERPgqL6eqhAewvYCuVctpu/slh4a0ZPquo=",
        "last_login": null,
        "is_superuser": false,
        "username": "Avelino",
        "first_name": "",
        "last_name": "",
        "email": "cunhamauro007@gmail.com",
        "is_staff": false,
        "is_active": true,
        "date_joined": "2024-05-21T22:36:52.449Z",
        "is_customer": false,
        "is_driver": false,
        "groups": [],
        "user_permissions": []
    }
},
{
    "model": "contas.user",
    "fields": {
        "password": "pbkdf2_sha256$260000$Ptw8ibNpGaZX9kqzyKMnpn$Ls6fqALKO3nW+OLzD+5pWvn9R89uoy5i9rPUHpHjeUk=",
        "last_login": null,
        "is_superuser": false,
        "username": "Timoteo",
        "first_name": "",
        "last_name": "",
        "email": "cunhamauro007@gmail.com",
        "is_staff": false,
        "is_active": true,
        "date_joined": "2024-05-21T22:47:06.541Z",
        "is_customer": false,
        "is_driver": false,
        "groups": [],
        "user_permissions": []
    }
},
{
    "model": "contas.user",
    "fields": {
        "password": "pbkdf2_sha256$260000$glvSkypr1Uch29S3nZm20T$75mzl0swcGu4AF6LC3dkTYZNWrITHsaKu7TsPadexFU=",
        "last_login": null,
        "is_superuser": false,
        "username": "Paulo",
        "first_name": "",
        "last_name": "",
        "email": "cunhamauro007@gmail.com",
        "is_staff": false,
        "is_active": true,
        "date_joined": "2024-05-22T19:24:43.610Z",
        "is_customer": false,
        "is_driver": false,
        "groups": [],
        "user_permissions": []
    }
},
{
    "model": "contas.user",
    "fields": {
        "password": "pbkdf2_sha256$260000$dDhMGu9FKFqSQlQorGey5E$O4MJYBpUEeHWdU/36HGxoAcu8BtUEoR43pJEzyihT58=",
        "last_login": null,
        "is_superuser": false,
        "username": "marcos",
        "first_name": "",
        "last_name": "",
        "email": "",
        "is_staff": false,
        "is_active": true,
        "date_joined": "2024-05-25T18:49:02.695Z",
        "is_customer": true,
        "is_driver": false,
        "groups": [],
        "user_permissions": []
    }
},
{
    "model": "curtomers.customer",
    "pk": 1,
    "fields": {
        "user": [
            "test"
        ],
        "avatar": "",
        "phone": "",
        "address": ""
    }
},
{
    "model": "curtomers.customer",
    "pk": 2,
    "fields": {
        "user": [
            "marcos"
        ],
        "avatar": "",
        "phone": "",
        "address": ""
    }
},
{
    "model": "restaurants.restaurant",
    "pk": 1,
    "fields": {
        "user": [
            "Mauro1"
        ],
        "category": 1,
        "name": "Paladar Africano",
        "phone": "+27 65 387 4060",
        "address": "kilamba",
        "logo": "restaurant_logo/1.jpg",
        "restaurant_license": "",
        "barnner": true,
        "is_approved": true
    }
},
{
    "model": "restaurants.restaurant",
    "pk": 2,
    "fields": {
        "user": [
            "Cunha"
        ],
        "category": 2,
        "name": "Jardim de sabores",
        "phone": "+27 65 387 4060",
        "address": "kilamba",
        "logo": "restaurant_logo/1_p3rcF3g.jpg",
        "restaurant_license": "",
        "barnner": true,
        "is_approved": true
    }
},
{
    "model": "restaurants.restaurant",
    "pk": 3,
    "fields": {
        "user": [
            "Avelino"
        ],
        "category": 1,
        "name": "Reino das carnes",
        "phone": "+27 65 387 4060",
        "address": "kilamba",
        "logo": "restaurant_logo/asian_food.png",
        "restaurant_license": "",
        "barnner": true,
        "is_approved": true
    }
},
{
    "model": "restaurants.restaurant",
    "pk": 4,
    "fields": {
        "user": [
            "Timoteo"
        ],
        "category": 2,
        "name": "Taste of American",
        "phone": "+27 65 387 4060",
        "address": "Talatona",
        "logo": "restaurant_logo/Taste_of_American.jpg",
        "restaurant_license": "",
        "barnner": true,
        "is_approved": true
    }
},

{
    "model": "admin.logentry",
    "pk": 1,
    "fields": {
        "action_time": "2024-05-21T22:15:57.526Z",
        "user": [
            "ludmil"
        ],
        "content_type": [
            "restaurants",
            "restaurantcategory"
        ],
        "object_id": "1",
        "object_repr": "grelhados",
        "action_flag": 1,
        "change_message": "[{\"added\": {}}]"
    }
},
{
    "model": "admin.logentry",
    "pk": 2,
    "fields": {
        "action_time": "2024-05-21T22:16:27.611Z",
        "user": [
            "ludmil"
        ],
        "content_type": [
            "restaurants",
            "restaurant"
        ],
        "object_id": "1",
        "object_repr": "Paladar Africano",
        "action_flag": 2,
        "change_message": "[{\"changed\": {\"fields\": [\"Category\", \"Barnner\", \"Is approved\"]}}, {\"added\": {\"name\": \"opening hour\", \"object\": \"Segunda-feira 12:00 AM - 12:30 AM\"}}, {\"added\": {\"name\": \"opening hour\", \"object\": \"Ter\\u00e7a-feira  - \"}}]"
    }
},
{
    "model": "admin.logentry",
    "pk": 3,
    "fields": {
        "action_time": "2024-05-21T22:30:08.375Z",
        "user": [
            "ludmil"
        ],
        "content_type": [
            "restaurants",
            "restaurantcategory"
        ],
        "object_id": "2",
        "object_repr": "fritos",
        "action_flag": 1,
        "change_message": "[{\"added\": {}}]"
    }
},
{
    "model": "admin.logentry",
    "pk": 4,
    "fields": {
        "action_time": "2024-05-21T22:30:40.354Z",
        "user": [
            "ludmil"
        ],
        "content_type": [
            "restaurants",
            "restaurant"
        ],
        "object_id": "2",
        "object_repr": "Jardim de sabores",
        "action_flag": 2,
        "change_message": "[{\"changed\": {\"fields\": [\"Category\", \"Barnner\", \"Is approved\"]}}, {\"added\": {\"name\": \"opening hour\", \"object\": \"Segunda-feira 12:00 AM - 02:30 PM\"}}]"
    }
},
{
    "model": "admin.logentry",
    "pk": 5,
    "fields": {
        "action_time": "2024-05-21T22:31:06.810Z",
        "user": [
            "ludmil"
        ],
        "content_type": [
            "restaurants",
            "restaurant"
        ],
        "object_id": "2",
        "object_repr": "Jardim de sabores",
        "action_flag": 2,
        "change_message": "[{\"added\": {\"name\": \"opening hour\", \"object\": \"Ter\\u00e7a-feira 12:00 AM - 02:30 PM\"}}]"
    }
},
{
    "model": "admin.logentry",
    "pk": 6,
    "fields": {
        "action_time": "2024-05-21T23:25:34.480Z",
        "user": [
            "ludmil"
        ],
        "content_type": [
            "restaurants",
            "restaurant"
        ],
        "object_id": "3",
        "object_repr": "Reino das carnes",
        "action_flag": 2,
        "change_message": "[{\"changed\": {\"fields\": [\"Category\", \"Barnner\", \"Is approved\"]}}, {\"added\": {\"name\": \"opening hour\", \"object\": \"Quarta-feira 12:00 AM - 11:30 PM\"}}]"
    }
},
{
    "model": "admin.logentry",
    "pk": 7,
    "fields": {
        "action_time": "2024-05-21T23:26:54.489Z",
        "user": [
            "ludmil"
        ],
        "content_type": [
            "restaurants",
            "restaurant"
        ],
        "object_id": "3",
        "object_repr": "Reino das carnes",
        "action_flag": 2,
        "change_message": "[{\"added\": {\"name\": \"opening hour\", \"object\": \"Ter\\u00e7a-feira 12:00 AM - 11:30 PM\"}}]"
    }
},
{
    "model": "admin.logentry",
    "pk": 8,
    "fields": {
        "action_time": "2024-05-21T23:27:17.641Z",
        "user": [
            "ludmil"
        ],
        "content_type": [
            "restaurants",
            "restaurant"
        ],
        "object_id": "3",
        "object_repr": "Reino das carnes",
        "action_flag": 2,
        "change_message": "[{\"added\": {\"name\": \"opening hour\", \"object\": \"Segunda-feira 12:00 AM - 11:30 PM\"}}]"
    }
},
{
    "model": "admin.logentry",
    "pk": 9,
    "fields": {
        "action_time": "2024-05-21T23:35:51.568Z",
        "user": [
            "ludmil"
        ],
        "content_type": [
            "restaurants",
            "restaurant"
        ],
        "object_id": "4",
        "object_repr": "Taste of American",
        "action_flag": 2,
        "change_message": "[{\"changed\": {\"fields\": [\"Category\", \"Barnner\", \"Is approved\"]}}, {\"added\": {\"name\": \"opening hour\", \"object\": \"Segunda-feira 12:00 AM - 11:30 PM\"}}, {\"added\": {\"name\": \"opening hour\", \"object\": \"Ter\\u00e7a-feira 12:00 AM - 11:30 PM\"}}, {\"added\": {\"name\": \"opening hour\", \"object\": \"Quarta-feira 12:00 AM - 11:30 PM\"}}, {\"added\": {\"name\": \"opening hour\", \"object\": \"Quinta-feira 12:00 AM - 11:30 PM\"}}]"
    }
},
{
    "model": "admin.logentry",
    "pk": 10,
    "fields": {
        "action_time": "2024-05-22T21:30:10.238Z",
        "user": [
            "ludmil"
        ],
        "content_type": [
            "restaurants",
            "restaurant"
        ],
        "object_id": "4",
        "object_repr": "Taste of American",
        "action_flag": 2,
        "change_message": "[{\"added\": {\"name\": \"opening hour\", \"object\": \"Sexta-feira 12:00 AM - 11:30 PM\"}}]"
    }
},
{
    "model": "admin.logentry",
    "pk": 11,
    "fields": {
        "action_time": "2024-05-22T22:30:20.407Z",
        "user": [
            "ludmil"
        ],
        "content_type": [
            "restaurants",
            "restaurant"
        ],
        "object_id": "3",
        "object_repr": "Reino das carnes",
        "action_flag": 2,
        "change_message": "[{\"added\": {\"name\": \"opening hour\", \"object\": \"Quarta-feira 12:00 AM - 10:00 PM\"}}]"
    }
},
{
    "model": "admin.logentry",
    "pk": 12,
    "fields": {
        "action_time": "2024-05-22T22:39:02.861Z",
        "user": [
            "ludmil"
        ],
        "content_type": [
            "restaurants",
            "restaurant"
        ],
        "object_id": "3",
        "object_repr": "Reino das carnes",
        "action_flag": 2,
        "change_message": "[{\"changed\": {\"name\": \"opening hour\", \"object\": \"Quinta-feira 12:00 AM - 11:30 PM\", \"fields\": [\"Day\"]}}]"
    }
},
{
    "model": "admin.logentry",
    "pk": 13,
    "fields": {
        "action_time": "2024-05-23T18:51:33.672Z",
        "user": [
            "ludmil"
        ],
        "content_type": [
            "careers",
            "career"
        ],
        "object_id": "1",
        "object_repr": "Gerente de Operações",
        "action_flag": 1,
        "change_message": "[{\"added\": {}}]"
    }
},
{
    "model": "admin.logentry",
    "pk": 14,
    "fields": {
        "action_time": "2024-05-23T18:52:40.758Z",
        "user": [
            "ludmil"
        ],
        "content_type": [
            "careers",
            "career"
        ],
        "object_id": "2",
        "object_repr": "Coordenador de Logística",
        "action_flag": 1,
        "change_message": "[{\"added\": {}}]"
    }
},
{
    "model": "admin.logentry",
    "pk": 15,
    "fields": {
        "action_time": "2024-05-23T18:53:12.697Z",
        "user": [
            "ludmil"
        ],
        "content_type": [
            "careers",
            "career"
        ],
        "object_id": "3",
        "object_repr": "Representantes de Suporte ao Cliente",
        "action_flag": 1,
        "change_message": "[{\"added\": {}}]"
    }
},
{
    "model": "admin.logentry",
    "pk": 16,
    "fields": {
        "action_time": "2024-05-23T18:53:44.107Z",
        "user": [
            "ludmil"
        ],
        "content_type": [
            "careers",
            "career"
        ],
        "object_id": "4",
        "object_repr": "Gerente de Marketing",
        "action_flag": 1,
        "change_message": "[{\"added\": {}}]"
    }
},
{
    "model": "admin.logentry",
    "pk": 17,
    "fields": {
        "action_time": "2024-05-23T18:54:11.619Z",
        "user": [
            "ludmil"
        ],
        "content_type": [
            "careers",
            "career"
        ],
        "object_id": "5",
        "object_repr": "Gerente de Mídias Sociais",
        "action_flag": 1,
        "change_message": "[{\"added\": {}}]"
    }
},
{
    "model": "admin.logentry",
    "pk": 18,
    "fields": {
        "action_time": "2024-05-23T18:54:43.819Z",
        "user": [
            "ludmil"
        ],
        "content_type": [
            "careers",
            "career"
        ],
        "object_id": "6",
        "object_repr": "Criador de Conteúdo/Redator",
        "action_flag": 1,
        "change_message": "[{\"added\": {}}]"
    }
},
{
    "model": "admin.logentry",
    "pk": 19,
    "fields": {
        "action_time": "2024-05-23T18:55:12.923Z",
        "user": [
            "ludmil"
        ],
        "content_type": [
            "careers",
            "career"
        ],
        "object_id": "7",
        "object_repr": "Representante de Vendas",
        "action_flag": 1,
        "change_message": "[{\"added\": {}}]"
    }
},
{
    "model": "admin.logentry",
    "pk": 20,
    "fields": {
        "action_time": "2024-05-23T18:55:59.799Z",
        "user": [
            "ludmil"
        ],
        "content_type": [
            "careers",
            "career"
        ],
        "object_id": "8",
        "object_repr": "Analista de Negócios",
        "action_flag": 1,
        "change_message": "[{\"added\": {}}]"
    }
},
{
    "model": "admin.logentry",
    "pk": 21,
    "fields": {
        "action_time": "2024-05-23T18:56:29.627Z",
        "user": [
            "ludmil"
        ],
        "content_type": [
            "careers",
            "career"
        ],
        "object_id": "9",
        "object_repr": "Entregadores",
        "action_flag": 1,
        "change_message": "[{\"added\": {}}]"
    }
},
{
    "model": "admin.logentry",
    "pk": 22,
    "fields": {
        "action_time": "2024-05-24T08:26:00.371Z",
        "user": [
            "ludmil"
        ],
        "content_type": [
            "careers",
            "jobapplication"
        ],
        "object_id": "2",
        "object_repr": "Application for Analista de Negócios by Mauro Cunha",
        "action_flag": 3,
        "change_message": ""
    }
},
{
    "model": "admin.logentry",
    "pk": 23,
    "fields": {
        "action_time": "2024-05-24T08:26:00.421Z",
        "user": [
            "ludmil"
        ],
        "content_type": [
            "careers",
            "jobapplication"
        ],
        "object_id": "1",
        "object_repr": "Application for Representantes de Suporte ao Cliente by ludmil",
        "action_flag": 3,
        "change_message": ""
    }
},
{
    "model": "admin.logentry",
    "pk": 24,
    "fields": {
        "action_time": "2024-05-25T18:55:05.695Z",
        "user": [
            "ludmil"
        ],
        "content_type": [
            "restaurants",
            "restaurant"
        ],
        "object_id": "4",
        "object_repr": "Taste of American",
        "action_flag": 2,
        "change_message": "[{\"added\": {\"name\": \"opening hour\", \"object\": \"Domingo 12:00 AM - 11:30 PM\"}}, {\"added\": {\"name\": \"opening hour\", \"object\": \"S\\u00e1bado 12:00 AM - 11:30 PM\"}}]"
    }
},
{
    "model": "admin.logentry",
    "pk": 25,
    "fields": {
        "action_time": "2024-05-25T18:55:42.794Z",
        "user": [
            "ludmil"
        ],
        "content_type": [
            "restaurants",
            "restaurant"
        ],
        "object_id": "3",
        "object_repr": "Reino das carnes",
        "action_flag": 2,
        "change_message": "[{\"added\": {\"name\": \"opening hour\", \"object\": \"S\\u00e1bado 12:00 AM - 11:30 PM\"}}, {\"added\": {\"name\": \"opening hour\", \"object\": \"Domingo 12:00 AM - 11:30 PM\"}}]"
    }
},
{
    "model": "admin.logentry",
    "pk": 26,
    "fields": {
        "action_time": "2024-05-25T19:07:51.032Z",
        "user": [
            "ludmil"
        ],
        "content_type": [
            "careers",
            "jobapplication"
        ],
        "object_id": "3",
        "object_repr": "Application for Coordenador de Logística by Ludmil Paulo Samuel Avelino",
        "action_flag": 3,
        "change_message": ""
    }
},
{
    "model": "admin.logentry",
    "pk": 27,
    "fields": {
        "action_time": "2024-05-31T09:10:54.951Z",
        "user": [
            "ludmil"
        ],
        "content_type": [
            "careers",
            "jobapplication"
        ],
        "object_id": "5",
        "object_repr": "Application for Entregadores by Marcos Celestino",
        "action_flag": 3,
        "change_message": ""
    }
},
{
    "model": "admin.logentry",
    "pk": 28,
    "fields": {
        "action_time": "2024-05-31T09:10:54.982Z",
        "user": [
            "ludmil"
        ],
        "content_type": [
            "careers",
            "jobapplication"
        ],
        "object_id": "4",
        "object_repr": "Application for Representantes de Suporte ao Cliente by marcos cebalense",
        "action_flag": 3,
        "change_message": ""
    }
},
{
    "model": "admin.logentry",
    "pk": 29,
    "fields": {
        "action_time": "2024-06-02T14:41:12.359Z",
        "user": [
            "ludmil"
        ],
        "content_type": [
            "info",
            "aboutus"
        ],
        "object_id": "1",
        "object_repr": "Kudyua",
        "action_flag": 1,
        "change_message": "[{\"added\": {}}]"
    }
}
]
