[
    {
        "model": "admin.logentry",
        "pk": 240,
        "fields": {
            "action_time": "2024-07-07T14:34:43.591Z",
            "user": 1,
            "content_type": 6,
            "object_id": "25",
            "object_repr": "ludmil",
            "action_flag": 3,
            "change_message": ""
        }
    },
    {
        "model": "admin.logentry",
        "pk": 241,
        "fields": {
            "action_time": "2024-07-07T14:34:43.602Z",
            "user": 1,
            "content_type": 6,
            "object_id": "24",
            "object_repr": "Mauro",
            "action_flag": 3,
            "change_message": ""
        }
    },
    {
        "model": "admin.logentry",
        "pk": 242,
        "fields": {
            "action_time": "2024-07-07T14:34:43.605Z",
            "user": 1,
            "content_type": 6,
            "object_id": "26",
            "object_repr": "Timoteo",
            "action_flag": 3,
            "change_message": ""
        }
    },
    {
        "model": "admin.logentry",
        "pk": 243,
        "fields": {
            "action_time": "2024-07-07T15:07:37.806Z",
            "user": 1,
            "content_type": 10,
            "object_id": "11",
            "object_repr": "Paladar Africano",
            "action_flag": 3,
            "change_message": ""
        }
    },
    {
        "model": "admin.logentry",
        "pk": 244,
        "fields": {
            "action_time": "2024-07-07T15:07:37.810Z",
            "user": 1,
            "content_type": 10,
            "object_id": "10",
            "object_repr": "sabores de Angola",
            "action_flag": 3,
            "change_message": ""
        }
    },
    {
        "model": "admin.logentry",
        "pk": 245,
        "fields": {
            "action_time": "2024-07-07T15:07:56.271Z",
            "user": 1,
            "content_type": 6,
            "object_id": "27",
            "object_repr": "Filho",
            "action_flag": 3,
            "change_message": ""
        }
    },
    {
        "model": "admin.logentry",
        "pk": 246,
        "fields": {
            "action_time": "2024-07-07T15:07:56.275Z",
            "user": 1,
            "content_type": 6,
            "object_id": "28",
            "object_repr": "Mauro ",
            "action_flag": 3,
            "change_message": ""
        }
    },
    {
        "model": "admin.logentry",
        "pk": 247,
        "fields": {
            "action_time": "2024-07-07T15:45:31.759Z",
            "user": 1,
            "content_type": 10,
            "object_id": "12",
            "object_repr": "Paladar Africano",
            "action_flag": 2,
            "change_message": "[{\"changed\": {\"fields\": [\"Category\", \"Is approved\"]}}]"
        }
    },
    {
        "model": "admin.logentry",
        "pk": 248,
        "fields": {
            "action_time": "2024-07-07T15:58:18.846Z",
            "user": 1,
            "content_type": 10,
            "object_id": "12",
            "object_repr": "Paladar Africano",
            "action_flag": 3,
            "change_message": ""
        }
    },
    {
        "model": "admin.logentry",
        "pk": 249,
        "fields": {
            "action_time": "2024-07-07T15:58:34.025Z",
            "user": 1,
            "content_type": 6,
            "object_id": "29",
            "object_repr": "Mauro ",
            "action_flag": 3,
            "change_message": ""
        }
    },
    {
        "model": "admin.logentry",
        "pk": 250,
        "fields": {
            "action_time": "2024-07-07T16:03:13.482Z",
            "user": 1,
            "content_type": 10,
            "object_id": "13",
            "object_repr": "Paladar Africano",
            "action_flag": 2,
            "change_message": "[{\"changed\": {\"fields\": [\"Category\", \"Is approved\"]}}]"
        }
    },
    {
        "model": "admin.logentry",
        "pk": 251,
        "fields": {
            "action_time": "2024-07-07T16:03:35.652Z",
            "user": 1,
            "content_type": 10,
            "object_id": "13",
            "object_repr": "Paladar Africano",
            "action_flag": 3,
            "change_message": ""
        }
    },
    {
        "model": "admin.logentry",
        "pk": 252,
        "fields": {
            "action_time": "2024-07-07T16:03:58.466Z",
            "user": 1,
            "content_type": 6,
            "object_id": "30",
            "object_repr": "Mauro ",
            "action_flag": 3,
            "change_message": ""
        }
    },
    {
        "model": "admin.logentry",
        "pk": 253,
        "fields": {
            "action_time": "2024-07-07T17:42:33.094Z",
            "user": 1,
            "content_type": 10,
            "object_id": "14",
            "object_repr": "Paladar Africano",
            "action_flag": 2,
            "change_message": "[{\"changed\": {\"fields\": [\"Category\"]}}]"
        }
    },
    {
        "model": "admin.logentry",
        "pk": 254,
        "fields": {
            "action_time": "2024-07-07T18:43:36.837Z",
            "user": 1,
            "content_type": 6,
            "object_id": "36",
            "object_repr": "driver",
            "action_flag": 1,
            "change_message": "[{\"added\": {}}]"
        }
    },
    {
        "model": "admin.logentry",
        "pk": 255,
        "fields": {
            "action_time": "2024-07-07T18:44:10.576Z",
            "user": 1,
            "content_type": 13,
            "object_id": "1",
            "object_repr": "driver",
            "action_flag": 1,
            "change_message": "[{\"added\": {}}]"
        }
    },
    {
        "model": "auth.permission",
        "pk": 1,
        "fields": {
            "name": "Can add log entry",
            "content_type": 1,
            "codename": "add_logentry"
        }
    },
    {
        "model": "auth.permission",
        "pk": 2,
        "fields": {
            "name": "Can change log entry",
            "content_type": 1,
            "codename": "change_logentry"
        }
    },
    {
        "model": "auth.permission",
        "pk": 3,
        "fields": {
            "name": "Can delete log entry",
            "content_type": 1,
            "codename": "delete_logentry"
        }
    },
    {
        "model": "auth.permission",
        "pk": 4,
        "fields": {
            "name": "Can view log entry",
            "content_type": 1,
            "codename": "view_logentry"
        }
    },
    {
        "model": "auth.permission",
        "pk": 5,
        "fields": {
            "name": "Can add permission",
            "content_type": 2,
            "codename": "add_permission"
        }
    },
    {
        "model": "auth.permission",
        "pk": 6,
        "fields": {
            "name": "Can change permission",
            "content_type": 2,
            "codename": "change_permission"
        }
    },
    {
        "model": "auth.permission",
        "pk": 7,
        "fields": {
            "name": "Can delete permission",
            "content_type": 2,
            "codename": "delete_permission"
        }
    },
    {
        "model": "auth.permission",
        "pk": 8,
        "fields": {
            "name": "Can view permission",
            "content_type": 2,
            "codename": "view_permission"
        }
    },
    {
        "model": "auth.permission",
        "pk": 9,
        "fields": {
            "name": "Can add group",
            "content_type": 3,
            "codename": "add_group"
        }
    },
    {
        "model": "auth.permission",
        "pk": 10,
        "fields": {
            "name": "Can change group",
            "content_type": 3,
            "codename": "change_group"
        }
    },
    {
        "model": "auth.permission",
        "pk": 11,
        "fields": {
            "name": "Can delete group",
            "content_type": 3,
            "codename": "delete_group"
        }
    },
    {
        "model": "auth.permission",
        "pk": 12,
        "fields": {
            "name": "Can view group",
            "content_type": 3,
            "codename": "view_group"
        }
    },
    {
        "model": "auth.permission",
        "pk": 13,
        "fields": {
            "name": "Can add content type",
            "content_type": 4,
            "codename": "add_contenttype"
        }
    },
    {
        "model": "auth.permission",
        "pk": 14,
        "fields": {
            "name": "Can change content type",
            "content_type": 4,
            "codename": "change_contenttype"
        }
    },
    {
        "model": "auth.permission",
        "pk": 15,
        "fields": {
            "name": "Can delete content type",
            "content_type": 4,
            "codename": "delete_contenttype"
        }
    },
    {
        "model": "auth.permission",
        "pk": 16,
        "fields": {
            "name": "Can view content type",
            "content_type": 4,
            "codename": "view_contenttype"
        }
    },
    {
        "model": "auth.permission",
        "pk": 17,
        "fields": {
            "name": "Can add session",
            "content_type": 5,
            "codename": "add_session"
        }
    },
    {
        "model": "auth.permission",
        "pk": 18,
        "fields": {
            "name": "Can change session",
            "content_type": 5,
            "codename": "change_session"
        }
    },
    {
        "model": "auth.permission",
        "pk": 19,
        "fields": {
            "name": "Can delete session",
            "content_type": 5,
            "codename": "delete_session"
        }
    },
    {
        "model": "auth.permission",
        "pk": 20,
        "fields": {
            "name": "Can view session",
            "content_type": 5,
            "codename": "view_session"
        }
    },
    {
        "model": "auth.permission",
        "pk": 21,
        "fields": {
            "name": "Can add user",
            "content_type": 6,
            "codename": "add_user"
        }
    },
    {
        "model": "auth.permission",
        "pk": 22,
        "fields": {
            "name": "Can change user",
            "content_type": 6,
            "codename": "change_user"
        }
    },
    {
        "model": "auth.permission",
        "pk": 23,
        "fields": {
            "name": "Can delete user",
            "content_type": 6,
            "codename": "delete_user"
        }
    },
    {
        "model": "auth.permission",
        "pk": 24,
        "fields": {
            "name": "Can view user",
            "content_type": 6,
            "codename": "view_user"
        }
    },
    {
        "model": "auth.permission",
        "pk": 25,
        "fields": {
            "name": "Can add Cliente",
            "content_type": 7,
            "codename": "add_customer"
        }
    },
    {
        "model": "auth.permission",
        "pk": 26,
        "fields": {
            "name": "Can change Cliente",
            "content_type": 7,
            "codename": "change_customer"
        }
    },
    {
        "model": "auth.permission",
        "pk": 27,
        "fields": {
            "name": "Can delete Cliente",
            "content_type": 7,
            "codename": "delete_customer"
        }
    },
    {
        "model": "auth.permission",
        "pk": 28,
        "fields": {
            "name": "Can view Cliente",
            "content_type": 7,
            "codename": "view_customer"
        }
    },
    {
        "model": "auth.permission",
        "pk": 29,
        "fields": {
            "name": "Can add category",
            "content_type": 8,
            "codename": "add_mealcategory"
        }
    },
    {
        "model": "auth.permission",
        "pk": 30,
        "fields": {
            "name": "Can change category",
            "content_type": 8,
            "codename": "change_mealcategory"
        }
    },
    {
        "model": "auth.permission",
        "pk": 31,
        "fields": {
            "name": "Can delete category",
            "content_type": 8,
            "codename": "delete_mealcategory"
        }
    },
    {
        "model": "auth.permission",
        "pk": 32,
        "fields": {
            "name": "Can view category",
            "content_type": 8,
            "codename": "view_mealcategory"
        }
    },
    {
        "model": "auth.permission",
        "pk": 33,
        "fields": {
            "name": "Can add category",
            "content_type": 9,
            "codename": "add_restaurantcategory"
        }
    },
    {
        "model": "auth.permission",
        "pk": 34,
        "fields": {
            "name": "Can change category",
            "content_type": 9,
            "codename": "change_restaurantcategory"
        }
    },
    {
        "model": "auth.permission",
        "pk": 35,
        "fields": {
            "name": "Can delete category",
            "content_type": 9,
            "codename": "delete_restaurantcategory"
        }
    },
    {
        "model": "auth.permission",
        "pk": 36,
        "fields": {
            "name": "Can view category",
            "content_type": 9,
            "codename": "view_restaurantcategory"
        }
    },
    {
        "model": "auth.permission",
        "pk": 37,
        "fields": {
            "name": "Can add restaurant",
            "content_type": 10,
            "codename": "add_restaurant"
        }
    },
    {
        "model": "auth.permission",
        "pk": 38,
        "fields": {
            "name": "Can change restaurant",
            "content_type": 10,
            "codename": "change_restaurant"
        }
    },
    {
        "model": "auth.permission",
        "pk": 39,
        "fields": {
            "name": "Can delete restaurant",
            "content_type": 10,
            "codename": "delete_restaurant"
        }
    },
    {
        "model": "auth.permission",
        "pk": 40,
        "fields": {
            "name": "Can view restaurant",
            "content_type": 10,
            "codename": "view_restaurant"
        }
    },
    {
        "model": "auth.permission",
        "pk": 41,
        "fields": {
            "name": "Can add meal",
            "content_type": 11,
            "codename": "add_meal"
        }
    },
    {
        "model": "auth.permission",
        "pk": 42,
        "fields": {
            "name": "Can change meal",
            "content_type": 11,
            "codename": "change_meal"
        }
    },
    {
        "model": "auth.permission",
        "pk": 43,
        "fields": {
            "name": "Can delete meal",
            "content_type": 11,
            "codename": "delete_meal"
        }
    },
    {
        "model": "auth.permission",
        "pk": 44,
        "fields": {
            "name": "Can view meal",
            "content_type": 11,
            "codename": "view_meal"
        }
    },
    {
        "model": "auth.permission",
        "pk": 45,
        "fields": {
            "name": "Can add opening hour",
            "content_type": 12,
            "codename": "add_openinghour"
        }
    },
    {
        "model": "auth.permission",
        "pk": 46,
        "fields": {
            "name": "Can change opening hour",
            "content_type": 12,
            "codename": "change_openinghour"
        }
    },
    {
        "model": "auth.permission",
        "pk": 47,
        "fields": {
            "name": "Can delete opening hour",
            "content_type": 12,
            "codename": "delete_openinghour"
        }
    },
    {
        "model": "auth.permission",
        "pk": 48,
        "fields": {
            "name": "Can view opening hour",
            "content_type": 12,
            "codename": "view_openinghour"
        }
    },
    {
        "model": "auth.permission",
        "pk": 49,
        "fields": {
            "name": "Can add Motorista",
            "content_type": 13,
            "codename": "add_driver"
        }
    },
    {
        "model": "auth.permission",
        "pk": 50,
        "fields": {
            "name": "Can change Motorista",
            "content_type": 13,
            "codename": "change_driver"
        }
    },
    {
        "model": "auth.permission",
        "pk": 51,
        "fields": {
            "name": "Can delete Motorista",
            "content_type": 13,
            "codename": "delete_driver"
        }
    },
    {
        "model": "auth.permission",
        "pk": 52,
        "fields": {
            "name": "Can view Motorista",
            "content_type": 13,
            "codename": "view_driver"
        }
    },
    {
        "model": "auth.permission",
        "pk": 53,
        "fields": {
            "name": "Can add Pedido",
            "content_type": 14,
            "codename": "add_order"
        }
    },
    {
        "model": "auth.permission",
        "pk": 54,
        "fields": {
            "name": "Can change Pedido",
            "content_type": 14,
            "codename": "change_order"
        }
    },
    {
        "model": "auth.permission",
        "pk": 55,
        "fields": {
            "name": "Can delete Pedido",
            "content_type": 14,
            "codename": "delete_order"
        }
    },
    {
        "model": "auth.permission",
        "pk": 56,
        "fields": {
            "name": "Can view Pedido",
            "content_type": 14,
            "codename": "view_order"
        }
    },
    {
        "model": "auth.permission",
        "pk": 57,
        "fields": {
            "name": "Can add Detalhe do pedido",
            "content_type": 15,
            "codename": "add_orderdetails"
        }
    },
    {
        "model": "auth.permission",
        "pk": 58,
        "fields": {
            "name": "Can change Detalhe do pedido",
            "content_type": 15,
            "codename": "change_orderdetails"
        }
    },
    {
        "model": "auth.permission",
        "pk": 59,
        "fields": {
            "name": "Can delete Detalhe do pedido",
            "content_type": 15,
            "codename": "delete_orderdetails"
        }
    },
    {
        "model": "auth.permission",
        "pk": 60,
        "fields": {
            "name": "Can view Detalhe do pedido",
            "content_type": 15,
            "codename": "view_orderdetails"
        }
    },
    {
        "model": "auth.permission",
        "pk": 61,
        "fields": {
            "name": "Can add invoice",
            "content_type": 16,
            "codename": "add_invoice"
        }
    },
    {
        "model": "auth.permission",
        "pk": 62,
        "fields": {
            "name": "Can change invoice",
            "content_type": 16,
            "codename": "change_invoice"
        }
    },
    {
        "model": "auth.permission",
        "pk": 63,
        "fields": {
            "name": "Can delete invoice",
            "content_type": 16,
            "codename": "delete_invoice"
        }
    },
    {
        "model": "auth.permission",
        "pk": 64,
        "fields": {
            "name": "Can view invoice",
            "content_type": 16,
            "codename": "view_invoice"
        }
    },
    {
        "model": "auth.permission",
        "pk": 65,
        "fields": {
            "name": "Can add about us ",
            "content_type": 17,
            "codename": "add_aboutus"
        }
    },
    {
        "model": "auth.permission",
        "pk": 66,
        "fields": {
            "name": "Can change about us ",
            "content_type": 17,
            "codename": "change_aboutus"
        }
    },
    {
        "model": "auth.permission",
        "pk": 67,
        "fields": {
            "name": "Can delete about us ",
            "content_type": 17,
            "codename": "delete_aboutus"
        }
    },
    {
        "model": "auth.permission",
        "pk": 68,
        "fields": {
            "name": "Can view about us ",
            "content_type": 17,
            "codename": "view_aboutus"
        }
    },
    {
        "model": "auth.permission",
        "pk": 69,
        "fields": {
            "name": "Can add Client contact",
            "content_type": 18,
            "codename": "add_contact"
        }
    },
    {
        "model": "auth.permission",
        "pk": 70,
        "fields": {
            "name": "Can change Client contact",
            "content_type": 18,
            "codename": "change_contact"
        }
    },
    {
        "model": "auth.permission",
        "pk": 71,
        "fields": {
            "name": "Can delete Client contact",
            "content_type": 18,
            "codename": "delete_contact"
        }
    },
    {
        "model": "auth.permission",
        "pk": 72,
        "fields": {
            "name": "Can view Client contact",
            "content_type": 18,
            "codename": "view_contact"
        }
    },
    {
        "model": "auth.permission",
        "pk": 73,
        "fields": {
            "name": "Can add image",
            "content_type": 19,
            "codename": "add_image"
        }
    },
    {
        "model": "auth.permission",
        "pk": 74,
        "fields": {
            "name": "Can change image",
            "content_type": 19,
            "codename": "change_image"
        }
    },
    {
        "model": "auth.permission",
        "pk": 75,
        "fields": {
            "name": "Can delete image",
            "content_type": 19,
            "codename": "delete_image"
        }
    },
    {
        "model": "auth.permission",
        "pk": 76,
        "fields": {
            "name": "Can view image",
            "content_type": 19,
            "codename": "view_image"
        }
    },
    {
        "model": "auth.permission",
        "pk": 77,
        "fields": {
            "name": "Can add Squad",
            "content_type": 20,
            "codename": "add_team"
        }
    },
    {
        "model": "auth.permission",
        "pk": 78,
        "fields": {
            "name": "Can change Squad",
            "content_type": 20,
            "codename": "change_team"
        }
    },
    {
        "model": "auth.permission",
        "pk": 79,
        "fields": {
            "name": "Can delete Squad",
            "content_type": 20,
            "codename": "delete_team"
        }
    },
    {
        "model": "auth.permission",
        "pk": 80,
        "fields": {
            "name": "Can view Squad",
            "content_type": 20,
            "codename": "view_team"
        }
    },
    {
        "model": "auth.permission",
        "pk": 81,
        "fields": {
            "name": "Can add why choose us ",
            "content_type": 21,
            "codename": "add_why_choose_us"
        }
    },
    {
        "model": "auth.permission",
        "pk": 82,
        "fields": {
            "name": "Can change why choose us ",
            "content_type": 21,
            "codename": "change_why_choose_us"
        }
    },
    {
        "model": "auth.permission",
        "pk": 83,
        "fields": {
            "name": "Can delete why choose us ",
            "content_type": 21,
            "codename": "delete_why_choose_us"
        }
    },
    {
        "model": "auth.permission",
        "pk": 84,
        "fields": {
            "name": "Can view why choose us ",
            "content_type": 21,
            "codename": "view_why_choose_us"
        }
    },
    {
        "model": "auth.permission",
        "pk": 85,
        "fields": {
            "name": "Can add chat",
            "content_type": 22,
            "codename": "add_chat"
        }
    },
    {
        "model": "auth.permission",
        "pk": 86,
        "fields": {
            "name": "Can change chat",
            "content_type": 22,
            "codename": "change_chat"
        }
    },
    {
        "model": "auth.permission",
        "pk": 87,
        "fields": {
            "name": "Can delete chat",
            "content_type": 22,
            "codename": "delete_chat"
        }
    },
    {
        "model": "auth.permission",
        "pk": 88,
        "fields": {
            "name": "Can view chat",
            "content_type": 22,
            "codename": "view_chat"
        }
    },
    {
        "model": "auth.permission",
        "pk": 89,
        "fields": {
            "name": "Can add carousel",
            "content_type": 23,
            "codename": "add_carousel"
        }
    },
    {
        "model": "auth.permission",
        "pk": 90,
        "fields": {
            "name": "Can change carousel",
            "content_type": 23,
            "codename": "change_carousel"
        }
    },
    {
        "model": "auth.permission",
        "pk": 91,
        "fields": {
            "name": "Can delete carousel",
            "content_type": 23,
            "codename": "delete_carousel"
        }
    },
    {
        "model": "auth.permission",
        "pk": 92,
        "fields": {
            "name": "Can view carousel",
            "content_type": 23,
            "codename": "view_carousel"
        }
    },
    {
        "model": "auth.permission",
        "pk": 93,
        "fields": {
            "name": "Can add career",
            "content_type": 24,
            "codename": "add_career"
        }
    },
    {
        "model": "auth.permission",
        "pk": 94,
        "fields": {
            "name": "Can change career",
            "content_type": 24,
            "codename": "change_career"
        }
    },
    {
        "model": "auth.permission",
        "pk": 95,
        "fields": {
            "name": "Can delete career",
            "content_type": 24,
            "codename": "delete_career"
        }
    },
    {
        "model": "auth.permission",
        "pk": 96,
        "fields": {
            "name": "Can view career",
            "content_type": 24,
            "codename": "view_career"
        }
    },
    {
        "model": "auth.permission",
        "pk": 97,
        "fields": {
            "name": "Can add job application",
            "content_type": 25,
            "codename": "add_jobapplication"
        }
    },
    {
        "model": "auth.permission",
        "pk": 98,
        "fields": {
            "name": "Can change job application",
            "content_type": 25,
            "codename": "change_jobapplication"
        }
    },
    {
        "model": "auth.permission",
        "pk": 99,
        "fields": {
            "name": "Can delete job application",
            "content_type": 25,
            "codename": "delete_jobapplication"
        }
    },
    {
        "model": "auth.permission",
        "pk": 100,
        "fields": {
            "name": "Can view job application",
            "content_type": 25,
            "codename": "view_jobapplication"
        }
    },
    {
        "model": "auth.permission",
        "pk": 101,
        "fields": {
            "name": "Can add partner",
            "content_type": 26,
            "codename": "add_partner"
        }
    },
    {
        "model": "auth.permission",
        "pk": 102,
        "fields": {
            "name": "Can change partner",
            "content_type": 26,
            "codename": "change_partner"
        }
    },
    {
        "model": "auth.permission",
        "pk": 103,
        "fields": {
            "name": "Can delete partner",
            "content_type": 26,
            "codename": "delete_partner"
        }
    },
    {
        "model": "auth.permission",
        "pk": 104,
        "fields": {
            "name": "Can view partner",
            "content_type": 26,
            "codename": "view_partner"
        }
    },
    {
        "model": "auth.permission",
        "pk": 105,
        "fields": {
            "name": "Can add Token",
            "content_type": 27,
            "codename": "add_token"
        }
    },
    {
        "model": "auth.permission",
        "pk": 106,
        "fields": {
            "name": "Can change Token",
            "content_type": 27,
            "codename": "change_token"
        }
    },
    {
        "model": "auth.permission",
        "pk": 107,
        "fields": {
            "name": "Can delete Token",
            "content_type": 27,
            "codename": "delete_token"
        }
    },
    {
        "model": "auth.permission",
        "pk": 108,
        "fields": {
            "name": "Can view Token",
            "content_type": 27,
            "codename": "view_token"
        }
    },
    {
        "model": "auth.permission",
        "pk": 109,
        "fields": {
            "name": "Can add token",
            "content_type": 28,
            "codename": "add_tokenproxy"
        }
    },
    {
        "model": "auth.permission",
        "pk": 110,
        "fields": {
            "name": "Can change token",
            "content_type": 28,
            "codename": "change_tokenproxy"
        }
    },
    {
        "model": "auth.permission",
        "pk": 111,
        "fields": {
            "name": "Can delete token",
            "content_type": 28,
            "codename": "delete_tokenproxy"
        }
    },
    {
        "model": "auth.permission",
        "pk": 112,
        "fields": {
            "name": "Can view token",
            "content_type": 28,
            "codename": "view_tokenproxy"
        }
    },
    {
        "model": "auth.group",
        "pk": 1,
        "fields": {
            "name": "mixa",
            "permissions": []
        }
    },
    {
        "model": "contenttypes.contenttype",
        "pk": 1,
        "fields": {
            "app_label": "admin",
            "model": "logentry"
        }
    },
    {
        "model": "contenttypes.contenttype",
        "pk": 2,
        "fields": {
            "app_label": "auth",
            "model": "permission"
        }
    },
    {
        "model": "contenttypes.contenttype",
        "pk": 3,
        "fields": {
            "app_label": "auth",
            "model": "group"
        }
    },
    {
        "model": "contenttypes.contenttype",
        "pk": 4,
        "fields": {
            "app_label": "contenttypes",
            "model": "contenttype"
        }
    },
    {
        "model": "contenttypes.contenttype",
        "pk": 5,
        "fields": {
            "app_label": "sessions",
            "model": "session"
        }
    },
    {
        "model": "contenttypes.contenttype",
        "pk": 6,
        "fields": {
            "app_label": "contas",
            "model": "user"
        }
    },
    {
        "model": "contenttypes.contenttype",
        "pk": 7,
        "fields": {
            "app_label": "curtomers",
            "model": "customer"
        }
    },
    {
        "model": "contenttypes.contenttype",
        "pk": 8,
        "fields": {
            "app_label": "restaurants",
            "model": "mealcategory"
        }
    },
    {
        "model": "contenttypes.contenttype",
        "pk": 9,
        "fields": {
            "app_label": "restaurants",
            "model": "restaurantcategory"
        }
    },
    {
        "model": "contenttypes.contenttype",
        "pk": 10,
        "fields": {
            "app_label": "restaurants",
            "model": "restaurant"
        }
    },
    {
        "model": "contenttypes.contenttype",
        "pk": 11,
        "fields": {
            "app_label": "restaurants",
            "model": "meal"
        }
    },
    {
        "model": "contenttypes.contenttype",
        "pk": 12,
        "fields": {
            "app_label": "restaurants",
            "model": "openinghour"
        }
    },
    {
        "model": "contenttypes.contenttype",
        "pk": 13,
        "fields": {
            "app_label": "drivers",
            "model": "driver"
        }
    },
    {
        "model": "contenttypes.contenttype",
        "pk": 14,
        "fields": {
            "app_label": "order",
            "model": "order"
        }
    },
    {
        "model": "contenttypes.contenttype",
        "pk": 15,
        "fields": {
            "app_label": "order",
            "model": "orderdetails"
        }
    },
    {
        "model": "contenttypes.contenttype",
        "pk": 16,
        "fields": {
            "app_label": "report",
            "model": "invoice"
        }
    },
    {
        "model": "contenttypes.contenttype",
        "pk": 17,
        "fields": {
            "app_label": "info",
            "model": "aboutus"
        }
    },
    {
        "model": "contenttypes.contenttype",
        "pk": 18,
        "fields": {
            "app_label": "info",
            "model": "contact"
        }
    },
    {
        "model": "contenttypes.contenttype",
        "pk": 19,
        "fields": {
            "app_label": "info",
            "model": "image"
        }
    },
    {
        "model": "contenttypes.contenttype",
        "pk": 20,
        "fields": {
            "app_label": "info",
            "model": "team"
        }
    },
    {
        "model": "contenttypes.contenttype",
        "pk": 21,
        "fields": {
            "app_label": "info",
            "model": "why_choose_us"
        }
    },
    {
        "model": "contenttypes.contenttype",
        "pk": 22,
        "fields": {
            "app_label": "info",
            "model": "chat"
        }
    },
    {
        "model": "contenttypes.contenttype",
        "pk": 23,
        "fields": {
            "app_label": "info",
            "model": "carousel"
        }
    },
    {
        "model": "contenttypes.contenttype",
        "pk": 24,
        "fields": {
            "app_label": "careers",
            "model": "career"
        }
    },
    {
        "model": "contenttypes.contenttype",
        "pk": 25,
        "fields": {
            "app_label": "careers",
            "model": "jobapplication"
        }
    },
    {
        "model": "contenttypes.contenttype",
        "pk": 26,
        "fields": {
            "app_label": "management",
            "model": "partner"
        }
    },
    {
        "model": "contenttypes.contenttype",
        "pk": 27,
        "fields": {
            "app_label": "authtoken",
            "model": "token"
        }
    },
    {
        "model": "contenttypes.contenttype",
        "pk": 28,
        "fields": {
            "app_label": "authtoken",
            "model": "tokenproxy"
        }
    },
    {
        "model": "sessions.session",
        "pk": "9hjhjnekpjpl8hpms0mlodxfm0e0t9jf",
        "fields": {
            "session_data": ".eJxVjDsOwjAQBe_iGln-bbKhpM8ZLNu7xgHkSHFSIe5OIqWAdmbeewsftrX4rfHiJxJXYcTll8WQnlwPQY9Q77NMc12XKcojkadtcpyJX7ez_TsooZV9bW3KFmJ2MRnFRJB7UJ1jFxVocIgw7Dhb6pGcQpU6GtAog6wNWa3F5wviVzc-:1sMDJI:zsNGcSB5hkeACA7vXNWCA88Gm-0B4A1UiY9-yesdrmE",
            "expire_date": "2024-07-09T21:02:40.324Z"
        }
    },
    {
        "model": "sessions.session",
        "pk": "pe3v0oxuqo06a88qgfq5m9kv018a9i37",
        "fields": {
            "session_data": ".eJxVjMEOwiAQRP-FsyHgUgsevfsNZJddpGpoUtqT8d-VpAc9zrw381IRt7XErckSJ1ZnZdXhtyNMD6kd8B3rbdZprusyke6K3mnT15nledndv4OCrfS1k2wM-ESMQjZTYIEjgcERE58sUEARGJxzJCABkfzInAdM6L9RvT8oJjn_:1sQPzf:o81O406jTPpWvp8YCFntektYsz47VoOhNgxXHoNJJHU",
            "expire_date": "2024-07-21T11:23:47.119Z"
        }
    },
    {
        "model": "sessions.session",
        "pk": "xez6tt37q97jo73bhdou2wq2bjd2qrrx",
        "fields": {
            "session_data": ".eJxVjMEOwiAQRP-FsyHgUgsevfsNZJddpGpoUtqT8d-VpAc9zrw381IRt7XErckSJ1ZnZdXhtyNMD6kd8B3rbdZprusyke6K3mnT15nledndv4OCrfS1k2wM-ESMQjZTYIEjgcERE58sUEARGJxzJCABkfzInAdM6L9RvT8oJjn_:1sQI9l:jbhspCssSraGrhqcMpoI6Tkpv2ntptt3mTIhg073HiI",
            "expire_date": "2024-07-21T03:01:41.648Z"
        }
    },
    {
        "model": "contas.user",
        "pk": 1,
        "fields": {
            "password": "pbkdf2_sha256$720000$lzImviQJH5WITSHhYVQVlt$MUB5oNozibUWCsJAASLGCiuzo1JfYxRDqPweaI4eNBc=",
            "last_login": "2024-07-07T11:23:47.116Z",
            "is_superuser": true,
            "username": "admin",
            "first_name": "",
            "last_name": "",
            "email": "admin@gmail.com",
            "is_staff": true,
            "is_active": true,
            "date_joined": "2024-07-07T03:00:12.972Z",
            "is_customer": false,
            "is_driver": false,
            "groups": [],
            "user_permissions": []
        }
    },
    {
        "model": "contas.user",
        "pk": 31,
        "fields": {
            "password": "pbkdf2_sha256$720000$KdgleNoxxykCzkc968sZOT$D9vdb7Bu04LeF50zDDAQ4PO8NXKNFP5HsQf1zPfnKp0=",
            "last_login": null,
            "is_superuser": false,
            "username": "Mauro ",
            "first_name": "",
            "last_name": "",
            "email": "maurocunha563@gmail.com",
            "is_staff": false,
            "is_active": true,
            "date_joined": "2024-07-07T16:05:38.901Z",
            "is_customer": false,
            "is_driver": false,
            "groups": [],
            "user_permissions": []
        }
    },
    {
        "model": "contas.user",
        "pk": 32,
        "fields": {
            "password": "pbkdf2_sha256$720000$7Eanh1bve2FA8HxRsbLEAP$MenlCMEKg0cVGWeTMFg1MavnioNqaWe2rSkvkce5syQ=",
            "last_login": null,
            "is_superuser": false,
            "username": "testuser",
            "first_name": "tedt",
            "last_name": "ludmilpaulo@gmail.com",
            "email": "ludmil@aerobotics.com",
            "is_staff": false,
            "is_active": true,
            "date_joined": "2024-07-07T17:44:58.443Z",
            "is_customer": true,
            "is_driver": false,
            "groups": [],
            "user_permissions": []
        }
    },
    {
        "model": "contas.user",
        "pk": 33,
        "fields": {
            "password": "pbkdf2_sha256$720000$vcabf5etKltCzt44aMgb9F$xvepmKsBLyXkemWDGnx+ckt9CBefTH/Cu6uhtBl9EWk=",
            "last_login": null,
            "is_superuser": false,
            "username": "Filho",
            "first_name": "",
            "last_name": "",
            "email": "cunhamauro007@gmail.com",
            "is_staff": false,
            "is_active": true,
            "date_joined": "2024-07-07T17:59:42.586Z",
            "is_customer": false,
            "is_driver": false,
            "groups": [],
            "user_permissions": []
        }
    },
    {
        "model": "contas.user",
        "pk": 34,
        "fields": {
            "password": "pbkdf2_sha256$720000$CRAPlXoCnTszskiXMpXmnu$UksHFDjW7j+EKP1QL/4bVrPcl3m1sWkIZK1I8If9Es0=",
            "last_login": null,
            "is_superuser": false,
            "username": "timoteo",
            "first_name": "",
            "last_name": "",
            "email": "ludmilpaulo@gmail.com",
            "is_staff": false,
            "is_active": true,
            "date_joined": "2024-07-07T18:05:32.293Z",
            "is_customer": false,
            "is_driver": false,
            "groups": [],
            "user_permissions": []
        }
    },
    {
        "model": "contas.user",
        "pk": 35,
        "fields": {
            "password": "pbkdf2_sha256$720000$msAjFTPYimK5xtH6h5lvGL$rEGTM6f3X+K8yhSzkqxJQ3U+2sfESzzd21W8YiK/EFA=",
            "last_login": null,
            "is_superuser": false,
            "username": "Cunha",
            "first_name": "",
            "last_name": "",
            "email": "digitalmaindo@gmail.com",
            "is_staff": false,
            "is_active": true,
            "date_joined": "2024-07-07T18:14:53.882Z",
            "is_customer": false,
            "is_driver": false,
            "groups": [],
            "user_permissions": []
        }
    },
    {
        "model": "contas.user",
        "pk": 36,
        "fields": {
            "password": "pbkdf2_sha256$720000$JcKnur8FyShxU3RBKa7EJa$UBAS/6q8IEkd3CESnFNXn5O6EW6KjxAlfT2rTHfmx50=",
            "last_login": null,
            "is_superuser": false,
            "username": "driver",
            "first_name": "",
            "last_name": "",
            "email": "",
            "is_staff": false,
            "is_active": true,
            "date_joined": "2024-07-07T18:43:36.322Z",
            "is_customer": false,
            "is_driver": true,
            "groups": [],
            "user_permissions": []
        }
    },
    {
        "model": "contas.user",
        "pk": 37,
        "fields": {
            "password": "pbkdf2_sha256$720000$vhsvxGhC5l15dl2phZOHXQ$CtYL6J3BiG7Yw8GAmJLZ/nm4K1F6NY7YMHNraiGL8Mg=",
            "last_login": null,
            "is_superuser": false,
            "username": "Ronaldo",
            "first_name": "",
            "last_name": "",
            "email": "sdkudya2@gmail.com",
            "is_staff": false,
            "is_active": true,
            "date_joined": "2024-07-07T21:14:58.521Z",
            "is_customer": true,
            "is_driver": false,
            "groups": [],
            "user_permissions": []
        }
    },
    {
        "model": "contas.user",
        "pk": 38,
        "fields": {
            "password": "pbkdf2_sha256$720000$hJ4Pk03Klc0E7qJn8fYBKi$KEGH8KRUQSvhSQ3EtJGkVpDojV+TBfvdvj27lp0I7ZU=",
            "last_login": null,
            "is_superuser": false,
            "username": "Testdriver",
            "first_name": "",
            "last_name": "",
            "email": "Test@gmail.com",
            "is_staff": false,
            "is_active": true,
            "date_joined": "2024-07-09T15:49:08.473Z",
            "is_customer": false,
            "is_driver": true,
            "groups": [],
            "user_permissions": []
        }
    },
    {
        "model": "curtomers.customer",
        "pk": 17,
        "fields": {
            "user": 32,
            "avatar": "customer/image_AJsnViN.jpg",
            "phone": "08643",
            "address": ""
        }
    },
    {
        "model": "curtomers.customer",
        "pk": 18,
        "fields": {
            "user": 37,
            "avatar": "",
            "phone": "",
            "address": ""
        }
    },
    {
        "model": "restaurants.restaurantcategory",
        "pk": 1,
        "fields": {
            "name": "grelhados",
            "image": "category/grill_yyG5pxp.jpg",
            "slug": "grelhados"
        }
    },
    {
        "model": "restaurants.restaurantcategory",
        "pk": 2,
        "fields": {
            "name": "vegetais",
            "image": "category/salad.jpg",
            "slug": "vegetais"
        }
    },
    {
        "model": "restaurants.restaurantcategory",
        "pk": 3,
        "fields": {
            "name": "Cuzido",
            "image": "category/cuzido.jpg",
            "slug": "cuzido"
        }
    },
    {
        "model": "restaurants.restaurantcategory",
        "pk": 4,
        "fields": {
            "name": "Bedidas",
            "image": "category/bebidas.jpg",
            "slug": "bedidas"
        }
    },
    {
        "model": "restaurants.restaurantcategory",
        "pk": 5,
        "fields": {
            "name": "Fritos",
            "image": "category/fritos.jpg",
            "slug": "fritos"
        }
    },
    {
        "model": "restaurants.restaurantcategory",
        "pk": 6,
        "fields": {
            "name": "Sushi",
            "image": "category/sushi.jpg",
            "slug": "sushi"
        }
    },
    {
        "model": "restaurants.restaurantcategory",
        "pk": 7,
        "fields": {
            "name": "Pastelaria",
            "image": "category/sushi_LWg6C5d.jpg",
            "slug": "pastelaria"
        }
    },
    {
        "model": "restaurants.restaurantcategory",
        "pk": 8,
        "fields": {
            "name": "Pizzaria",
            "image": "category/sushi_0WWj7I3.jpg",
            "slug": "pizzaria"
        }
    },
    {
        "model": "restaurants.restaurantcategory",
        "pk": 9,
        "fields": {
            "name": "Comida do Mar",
            "image": "category/sea_food.jpg",
            "slug": "comida-do-mar"
        }
    },
    {
        "model": "restaurants.restaurant",
        "pk": 14,
        "fields": {
            "user": 31,
            "category": 2,
            "name": "Paladar Africano",
            "phone": "+27 653874060",
            "address": "Kilamba",
            "logo": "restaurant_logo/1_I7JFNCK.jpg",
            "location": "-33.91488,18.4877056",
            "restaurant_license": "vendor/license/2_0Gwfo8A.jpg",
            "barnner": false,
            "is_approved": true
        }
    },
    {
        "model": "restaurants.restaurant",
        "pk": 15,
        "fields": {
            "user": 33,
            "category": null,
            "name": "sabores de Angola",
            "phone": "+27 653874060",
            "address": "mutamba",
            "logo": "restaurant_logo/1_TCRA9Im.jpg",
            "location": "-33.91873,18.4881446",
            "restaurant_license": "vendor/license/2_90qWr9p.jpg",
            "barnner": false,
            "is_approved": true
        }
    },
    {
        "model": "restaurants.restaurant",
        "pk": 16,
        "fields": {
            "user": 34,
            "category": null,
            "name": "Reino das Carnes",
            "phone": "+27 653874060",
            "address": "Talatona",
            "logo": "restaurant_logo/1_O3ujkpF.jpg",
            "location": "-33.91488,18.4877056",
            "restaurant_license": "vendor/license/2_DBSS8cB.jpg",
            "barnner": false,
            "is_approved": true
        }
    },
    {
        "model": "restaurants.restaurant",
        "pk": 17,
        "fields": {
            "user": 35,
            "category": null,
            "name": "Jardim de sabores",
            "phone": "+27 653874060",
            "address": "Zango",
            "logo": "restaurant_logo/1_DyidlSW.jpg",
            "location": "-33.91488,18.4877056",
            "restaurant_license": "vendor/license/2_9b7hscZ.jpg",
            "barnner": false,
            "is_approved": true
        }
    },
    {
        "model": "restaurants.openinghour",
        "pk": 34,
        "fields": {
            "restaurant": 14,
            "day": 7,
            "from_hour": "12:00 AM",
            "to_hour": "11:30 PM",
            "is_closed": false
        }
    },
    {
        "model": "restaurants.openinghour",
        "pk": 35,
        "fields": {
            "restaurant": 14,
            "day": 7,
            "from_hour": "10:00 PM",
            "to_hour": "11:00 PM",
            "is_closed": false
        }
    },
    {
        "model": "restaurants.openinghour",
        "pk": 36,
        "fields": {
            "restaurant": 14,
            "day": 1,
            "from_hour": "08:00 AM",
            "to_hour": "08:00 PM",
            "is_closed": false
        }
    },
    {
        "model": "restaurants.openinghour",
        "pk": 37,
        "fields": {
            "restaurant": 14,
            "day": 1,
            "from_hour": "08:30 AM",
            "to_hour": "11:00 PM",
            "is_closed": false
        }
    },
    {
        "model": "restaurants.openinghour",
        "pk": 38,
        "fields": {
            "restaurant": 15,
            "day": 2,
            "from_hour": "12:00 AM",
            "to_hour": "11:30 PM",
            "is_closed": false
        }
    },
    {
        "model": "restaurants.mealcategory",
        "pk": 1,
        "fields": {
            "name": "grelhado",
            "image": "category/grill.jpg",
            "slug": "grelhado"
        }
    },
    {
        "model": "restaurants.mealcategory",
        "pk": 2,
        "fields": {
            "name": "cuzido",
            "image": "",
            "slug": "cuzido"
        }
    },
    {
        "model": "restaurants.mealcategory",
        "pk": 3,
        "fields": {
            "name": "Frito",
            "image": "",
            "slug": "Frito"
        }
    },
    {
        "model": "restaurants.mealcategory",
        "pk": 5,
        "fields": {
            "name": "null",
            "image": "",
            "slug": "null"
        }
    },
    {
        "model": "restaurants.mealcategory",
        "pk": 6,
        "fields": {
            "name": "",
            "image": "",
            "slug": ""
        }
    },
    {
        "model": "restaurants.mealcategory",
        "pk": 7,
        "fields": {
            "name": "Salada",
            "image": "",
            "slug": "Salada"
        }
    },
    {
        "model": "restaurants.mealcategory",
        "pk": 8,
        "fields": {
            "name": "Sushi",
            "image": "category/sushi_Xh5Frd5.jpg",
            "slug": "sushi"
        }
    },
    {
        "model": "restaurants.mealcategory",
        "pk": 9,
        "fields": {
            "name": "Bedidas",
            "image": "category/bebidas_5TbWwQu.jpg",
            "slug": "bedidas"
        }
    },
    {
        "model": "restaurants.mealcategory",
        "pk": 10,
        "fields": {
            "name": "Pastelaria",
            "image": "category/sushi_LJdDTXF.jpg",
            "slug": "pastelaria"
        }
    },
    {
        "model": "restaurants.mealcategory",
        "pk": 11,
        "fields": {
            "name": "Bolos e Tortas",
            "image": "category/Untitled_design.jpg",
            "slug": "bolos-e-tortas"
        }
    },
    {
        "model": "restaurants.mealcategory",
        "pk": 12,
        "fields": {
            "name": "pastel",
            "image": "category/sushi_L7FCrih.jpg",
            "slug": "pastel"
        }
    },
    {
        "model": "restaurants.mealcategory",
        "pk": 13,
        "fields": {
            "name": "frito",
            "image": "",
            "slug": "frito"
        }
    },
    {
        "model": "restaurants.mealcategory",
        "pk": 14,
        "fields": {
            "name": "tradicional",
            "image": "",
            "slug": "tradicional"
        }
    },
    {
        "model": "restaurants.meal",
        "pk": 59,
        "fields": {
            "name": "chikuanga",
            "short_description": "comida tradicional",
            "image": "meal_images/download_28_cVhaKxj.jpeg",
            "price": "3000.0",
            "quantity": 1,
            "category": 14,
            "restaurant": 14,
            "percentage": "10.0"
        }
    },
    {
        "model": "restaurants.meal",
        "pk": 60,
        "fields": {
            "name": "Mufete de peixe",
            "short_description": "peixe grelhado com mandioc, banana pao e feijao",
            "image": "meal_images/download_13_mjOr55m.jpeg",
            "price": "5000.0",
            "quantity": 1,
            "category": 1,
            "restaurant": 14,
            "percentage": "10.0"
        }
    },
    {
        "model": "restaurants.meal",
        "pk": 61,
        "fields": {
            "name": "Bruschetta de Tomate e Manjerico",
            "short_description": "Fatias de Po tostado com tomate fresco,manjerico e azeite de oliva",
            "image": "meal_images/download_c4uoAMf.jpeg",
            "price": "5000.0",
            "quantity": 1,
            "category": 2,
            "restaurant": 17,
            "percentage": "10.0"
        }
    },
    {
        "model": "restaurants.meal",
        "pk": 62,
        "fields": {
            "name": "Sopa de Abobora com Gengibre",
            "short_description": "sopa cremosa de abobora com um toque de gengibre",
            "image": "meal_images/download_7.jpeg",
            "price": "2500.0",
            "quantity": 1,
            "category": 2,
            "restaurant": 17,
            "percentage": "10.0"
        }
    },
    {
        "model": "restaurants.meal",
        "pk": 63,
        "fields": {
            "name": "Salada de Quinoa e Legumes",
            "short_description": "Quinoa cozida com cenoura, abobrinha, pimentao e molho de tahine",
            "image": "meal_images/download_4_JqKdWbi.jpeg",
            "price": "1000.0",
            "quantity": 1,
            "category": 2,
            "restaurant": 17,
            "percentage": "10.0"
        }
    },
    {
        "model": "restaurants.meal",
        "pk": 64,
        "fields": {
            "name": "Linguia Artesanal",
            "short_description": "Linguia grelhada com molho chimichurri",
            "image": "meal_images/download_9_zcuD43N.jpeg",
            "price": "1500.0",
            "quantity": 1,
            "category": 1,
            "restaurant": 16,
            "percentage": "10.0"
        }
    },
    {
        "model": "restaurants.meal",
        "pk": 65,
        "fields": {
            "name": "costelhinha BBQ",
            "short_description": "Costelinhas de porco ao molho barbecue",
            "image": "meal_images/download_10_mINdtIP.jpeg",
            "price": "2000.0",
            "quantity": 1,
            "category": 1,
            "restaurant": 16,
            "percentage": "10.0"
        }
    },
    {
        "model": "restaurants.meal",
        "pk": 66,
        "fields": {
            "name": "Arroz Biro-Biro",
            "short_description": "Arroz com ovos, batata",
            "image": "meal_images/download_16_qvBmVEb.jpeg",
            "price": "2000.0",
            "quantity": 1,
            "category": 2,
            "restaurant": 16,
            "percentage": "10.0"
        }
    },
    {
        "model": "drivers.driver",
        "pk": 1,
        "fields": {
            "user": 36,
            "avatar": "driver/vinil_2x2_page-0003.jpg",
            "phone": "0749288712",
            "address": "21 Royal road",
            "location": ""
        }
    },
    {
        "model": "drivers.driver",
        "pk": 2,
        "fields": {
            "user": 38,
            "avatar": "",
            "phone": "",
            "address": "",
            "location": ""
        }
    },
    {
        "model": "order.order",
        "pk": 21,
        "fields": {
            "customer": 17,
            "restaurant": 14,
            "driver": null,
            "address": "-33.9187362,18.4881451",
            "total": "16000.00",
            "status": 2,
            "payment_method": "Entrega",
            "chat": null,
            "created_at": "2024-07-07T17:51:29.573Z",
            "picked_at": null,
            "invoice_pdf": "invoices/order_21_EiOovU9.pdf",
            "secret_pin": "726282",
            "driver_commission_percentage": "1.00",
            "proof_of_payment_restaurant": "",
            "proof_of_payment_driver": "",
            "payment_status_restaurant": "unpaid",
            "payment_status_driver": "unpaid",
            "original_price": "0.00",
            "driver_commission": "0.00"
        }
    },
    {
        "model": "order.orderdetails",
        "pk": 51,
        "fields": {
            "order": 21,
            "meal": 59,
            "quantity": 2,
            "sub_total": "10000.00"
        }
    },
    {
        "model": "order.orderdetails",
        "pk": 52,
        "fields": {
            "order": 21,
            "meal": 60,
            "quantity": 2,
            "sub_total": "10000.00"
        }
    },
    {
        "model": "info.aboutus",
        "pk": 1,
        "fields": {
            "title": "Kudya",
            "logo": "logo/azul.png",
            "backgroundImage": "Back_logo/vinil_2x2_page-0001_n43cgFD.jpg",
            "backgroundApp": "Back_logo/vinil_2x2_page-0002_V5wGISX.jpg",
            "bottomImage": "Back_logo/vinil_2x2_page-0003_ldcghZ5.jpg",
            "about": "<h2><strong>Kudya - Entrega de Comida Rpida e Fcil</strong></h2><h3><strong>Objetivo do Kudya</strong></h3><p>O Kudya tem como objetivo revolucionar a indstria de entrega de comida, proporcionando uma plataforma prtica, rpida e fcil de usar para que os clientes possam pedir suas refeies favoritas dos melhores restaurantes locais. Nossa meta  tornar a entrega de comida uma experincia simples e agradvel para todos.</p><h3><strong>Vantagens do Kudya</strong></h3><ol><li><strong>Ampla Seleo de Restaurantes</strong>: Em parceria com uma variedade de restaurantes locais, o Kudya oferece uma vasta gama de culinrias para satisfazer qualquer desejo.</li><li><strong>Interface Amigvel</strong>: O aplicativo  projetado com simplicidade e facilidade de uso em mente, garantindo um processo de pedido suave e sem complicaes.</li><li><strong>Entrega Rpida</strong>: Priorizamos tempos de entrega rpidos para garantir que os clientes recebam suas refeies frescas e quentes.</li><li><strong>Rastreamento em Tempo Real</strong>: Os clientes podem rastrear seus pedidos em tempo real, proporcionando transparncia e tranquilidade.</li><li><strong>Opes de Pagamento Seguras</strong>: Oferecemos mltiplos mtodos de pagamento seguros, incluindo pagamentos com carto, na entrega e transferncia eletrnica de fundos (TEF).</li></ol><h3><strong>Funcionalidades do Kudya</strong></h3><ul><li><strong>Listagem de Restaurantes</strong>: Navegue e selecione de uma lista de restaurantes parceiros com base na localizao, culinria ou popularidade.</li><li><strong>Personalizao de Pedidos</strong>: Personalize seu pedido com instrues especiais e preferncias alimentares.</li><li><strong>Rastreamento de Pedidos</strong>: Rastreamento em tempo real dos pedidos, do restaurante at a sua porta.</li><li><strong>Mtodos de Pagamento</strong>: Mltiplas opes de pagamento para convenincia e segurana.</li><li><strong>Avaliaes e Comentrios</strong>: Avalie sua experincia e leia avaliaes de outros clientes para fazer escolhas informadas.</li></ul><h3><strong>Benefcios do Kudya</strong></h3><ul><li><strong>Convenincia</strong>: Pea comida do conforto da sua casa ou escritrio com apenas alguns cliques.</li><li><strong>Variedade</strong>: Acesso a uma ampla gama de culinrias e pratos de restaurantes locais.</li><li><strong>Economia de Tempo</strong>: Evite o incmodo de cozinhar ou sair para comer, economizando tempo valioso.</li><li><strong>Ofertas Especiais</strong>: Aproveite ofertas exclusivas e descontos de restaurantes parceiros.</li><li><strong>Suporte ao Cliente</strong>: Suporte ao cliente dedicado para ajudar com qualquer problema ou dvida.</li></ul>",
            "born_date": null,
            "address": null,
            "phone": "00244932446521",
            "email": "info@sdkudya.com",
            "github": null,
            "linkedin": null,
            "facebook": "https://www.facebook.com/share/iPAGYeDyB4SBG7YF/?mibextid=LQQJ4d",
            "twitter": "https://x.com/SdKudya",
            "instagram": "https://www.instagram.com/sdkudya2/"
        }
    },
    {
        "model": "careers.career",
        "pk": 1,
        "fields": {
            "title": "Gerente de Operaes",
            "description": "<ul><li><p style=\"margin-left:0px;\"><strong>Responsabilidades</strong>:</p><ul><li><p style=\"margin-left:0px;\">Supervisionar todas as operaes dirias da plataforma.</p></li><li><p style=\"margin-left:0px;\">Coordenar com a equipe de logstica para otimizar rotas de entrega.</p></li><li><p style=\"margin-left:0px;\">Gerenciar parcerias com restaurantes e fornecedores.</p></li><li><p style=\"margin-left:0px;\">Monitorar a eficincia das operaes e implementar melhorias.</p></li><li><p style=\"margin-left:0px;\">Resolver problemas operacionais e de logstica rapidamente.</p></li><li><p style=\"margin-left:0px;\">Treinar e gerenciar a equipe de operaes.</p></li><li><p style=\"margin-left:0px;\">Analisar dados operacionais para tomar decises estratgicas.</p></li></ul></li></ul>"
        }
    },
    {
        "model": "careers.career",
        "pk": 2,
        "fields": {
            "title": "Coordenador de Logstica",
            "description": "<ul><li><p style=\"margin-left:0px;\"><strong>Responsabilidades</strong>:</p><ul><li><p style=\"margin-left:0px;\">Planejar e otimizar rotas de entrega para garantir pontualidade.</p></li><li><p style=\"margin-left:0px;\">Gerenciar e alocar recursos de entrega de maneira eficiente.</p></li><li><p style=\"margin-left:0px;\">Monitorar o status das entregas e resolver problemas em tempo real.</p></li><li><p style=\"margin-left:0px;\">Manter comunicao constante com os entregadores.</p></li><li><p style=\"margin-left:0px;\">Colaborar com parceiros logsticos externos.</p></li><li><p style=\"margin-left:0px;\">Garantir que todas as entregas estejam em conformidade com os padres de qualidade.</p></li><li><p style=\"margin-left:0px;\">Analisar dados logsticos para identificar reas de melhoria.</p></li></ul></li></ul>"
        }
    },
    {
        "model": "careers.career",
        "pk": 3,
        "fields": {
            "title": "Representantes de Suporte ao Cliente",
            "description": "<ul><li><p style=\"margin-left:0px;\"><strong>Responsabilidades</strong>:</p><ul><li><p style=\"margin-left:0px;\">Atender chamadas, e-mails e mensagens de clientes.</p></li><li><p style=\"margin-left:0px;\">Resolver dvidas, reclamaes e fornecer suporte tcnico.</p></li><li><p style=\"margin-left:0px;\">Documentar interaes com clientes e feedbacks.</p></li><li><p style=\"margin-left:0px;\">Colaborar com outras equipes para resolver problemas complexos.</p></li><li><p style=\"margin-left:0px;\">Manter um alto nvel de satisfao do cliente.</p></li><li><p style=\"margin-left:0px;\">Atualizar regularmente o conhecimento sobre produtos e servios.</p></li><li><p style=\"margin-left:0px;\">Participar de treinamentos para melhorar habilidades de atendimento.</p></li></ul></li></ul>"
        }
    },
    {
        "model": "careers.career",
        "pk": 4,
        "fields": {
            "title": "Gerente de Marketing",
            "description": "<ul><li><p style=\"margin-left:0px;\"><strong>Responsabilidades</strong>:</p><ul><li><p style=\"margin-left:0px;\">Desenvolver e implementar estratgias de marketing para atrair clientes e restaurantes.</p></li><li><p style=\"margin-left:0px;\">Gerenciar campanhas de marketing digital, incluindo SEO, SEM e redes sociais.</p></li><li><p style=\"margin-left:0px;\">Analisar dados de mercado e campanhas para otimizar resultados.</p></li><li><p style=\"margin-left:0px;\">Colaborar com a equipe de design para criar materiais de marketing.</p></li><li><p style=\"margin-left:0px;\">Coordenar eventos promocionais e parcerias estratgicas.</p></li><li><p style=\"margin-left:0px;\">Monitorar tendncias do mercado e concorrncia.</p></li><li><p style=\"margin-left:0px;\">Gerenciar o oramento de marketing e garantir o melhor retorno sobre investimento.</p></li></ul></li></ul><p><br>&nbsp;</p>"
        }
    },
    {
        "model": "careers.career",
        "pk": 5,
        "fields": {
            "title": "Gerente de Mdias Sociais",
            "description": "<ul><li><p style=\"margin-left:0px;\"><strong>Responsabilidades</strong>:</p><ul><li><p style=\"margin-left:0px;\">Planejar e executar estratgias de contedo para redes sociais.</p></li><li><p style=\"margin-left:0px;\">Criar e publicar posts atraentes e envolventes.</p></li><li><p style=\"margin-left:0px;\">Monitorar e responder a interaes nas redes sociais.</p></li><li><p style=\"margin-left:0px;\">Analisar mtricas de desempenho e ajustar estratgias conforme necessrio.</p></li><li><p style=\"margin-left:0px;\">Colaborar com influenciadores e parceiros de mdia social.</p></li><li><p style=\"margin-left:0px;\">Manter-se atualizado com as tendncias e mudanas nas redes sociais.</p></li><li><p style=\"margin-left:0px;\">Criar relatrios de desempenho e sugerir melhorias.</p></li></ul></li></ul><p><br>&nbsp;</p>"
        }
    },
    {
        "model": "careers.career",
        "pk": 6,
        "fields": {
            "title": "Criador de Contedo/Redator",
            "description": "<ul><li><p style=\"margin-left:0px;\"><strong>Responsabilidades</strong>:</p><ul><li><p style=\"margin-left:0px;\">Escrever e editar contedo para o site, blog e campanhas de marketing.</p></li><li><p style=\"margin-left:0px;\">Desenvolver histrias envolventes que ressoem com o pblico-alvo.</p></li><li><p style=\"margin-left:0px;\">Colaborar com designers para criar contedo visualmente atraente.</p></li><li><p style=\"margin-left:0px;\">Realizar pesquisa de palavras-chave para SEO.</p></li><li><p style=\"margin-left:0px;\">Manter consistncia no tom de voz e estilo da marca.</p></li><li><p style=\"margin-left:0px;\">Monitorar o desempenho do contedo e ajustar conforme necessrio.</p></li><li><p style=\"margin-left:0px;\">Manter-se atualizado com as melhores prticas de redao e marketing de contedo.</p></li></ul></li></ul><p><br>&nbsp;</p>"
        }
    },
    {
        "model": "careers.career",
        "pk": 7,
        "fields": {
            "title": "Representante de Vendas",
            "description": "<ul><li><p style=\"margin-left:0px;\"><strong>Responsabilidades</strong>:</p><ul><li><p style=\"margin-left:0px;\">Identificar e prospectar novos restaurantes e parceiros.</p></li><li><p style=\"margin-left:0px;\">Realizar apresentaes e reunies para integrar novos parceiros  plataforma.</p></li><li><p style=\"margin-left:0px;\">Negociar contratos e termos de parceria.</p></li><li><p style=\"margin-left:0px;\">Manter relacionamentos slidos com os parceiros existentes.</p></li><li><p style=\"margin-left:0px;\">Atingir e superar metas de vendas estabelecidas.</p></li><li><p style=\"margin-left:0px;\">Coletar feedback dos parceiros e sugerir melhorias.</p></li><li><p style=\"margin-left:0px;\">Participar de eventos e feiras para promover a plataforma.</p></li></ul></li></ul>"
        }
    },
    {
        "model": "careers.career",
        "pk": 8,
        "fields": {
            "title": "Analista de Negcios",
            "description": "<ul><li><p style=\"margin-left:0px;\"><strong>Responsabilidades</strong>:</p><ul><li><p style=\"margin-left:0px;\">Analisar dados de mercado e desempenho da plataforma.</p></li><li><p style=\"margin-left:0px;\">Identificar oportunidades de melhoria e crescimento.</p></li><li><p style=\"margin-left:0px;\">Colaborar com a equipe de produto para definir requisitos.</p></li><li><p style=\"margin-left:0px;\">Desenvolver relatrios e dashboards para tomada de deciso.</p></li><li><p style=\"margin-left:0px;\">Conduzir pesquisas de mercado e concorrncia.</p></li><li><p style=\"margin-left:0px;\">Coletar e analisar feedback dos clientes.</p></li><li><p style=\"margin-left:0px;\">Sugerir estratgias baseadas em dados para otimizar operaes e produtos.</p></li></ul></li></ul>"
        }
    },
    {
        "model": "careers.career",
        "pk": 9,
        "fields": {
            "title": "Entregadores",
            "description": "<ul><li><p style=\"margin-left:0px;\"><strong>Responsabilidades</strong>:</p><ul><li><p style=\"margin-left:0px;\">Realizar entregas de pedidos aos clientes de forma segura e eficiente.</p></li><li><p style=\"margin-left:0px;\">Seguir rotas otimizadas para garantir pontualidade.</p></li><li><p style=\"margin-left:0px;\">Manter comunicao com o coordenador de logstica.</p></li><li><p style=\"margin-left:0px;\">Garantir a integridade dos pedidos durante o transporte.</p></li><li><p style=\"margin-left:0px;\">Lidar com problemas de entrega em tempo real.</p></li><li><p style=\"margin-left:0px;\">Coletar feedback dos clientes sobre o servio de entrega.</p></li><li><p style=\"margin-left:0px;\">Manter</p></li></ul></li></ul>"
        }
    },
    {
        "model": "careers.jobapplication",
        "pk": 2,
        "fields": {
            "career": 1,
            "full_name": "Jozildo Ral Arajo Andr",
            "email": "josildoandre82@gmail.com",
            "resume": "resumes/4FA4FDEB-E670-4385-9032-F7F673E2CED5.jpeg"
        }
    },
    {
        "model": "careers.jobapplication",
        "pk": 3,
        "fields": {
            "career": 1,
            "full_name": "Jozildo Ral Arajo Andr",
            "email": "josildoandre82@gmail.com",
            "resume": "resumes/4FA4FDEB-E670-4385-9032-F7F673E2CED5_yBcMXr1.jpeg"
        }
    },
    {
        "model": "careers.jobapplication",
        "pk": 4,
        "fields": {
            "career": 1,
            "full_name": "Jozildo Ral Arajo Andr",
            "email": "josildoandre@gmail.com",
            "resume": "resumes/F09B9FC3-7870-47B0-9E0E-22A7E175B826.jpeg"
        }
    },
    {
        "model": "careers.jobapplication",
        "pk": 5,
        "fields": {
            "career": 1,
            "full_name": "Jozildo Ral Arajo Andr",
            "email": "josildoandre@gmail.com",
            "resume": "resumes/F09B9FC3-7870-47B0-9E0E-22A7E175B826_kjTnHYe.jpeg"
        }
    },
    {
        "model": "careers.jobapplication",
        "pk": 6,
        "fields": {
            "career": 8,
            "full_name": "Mateus Jos Zangui Gonga",
            "email": "mateusmuloeno11@gmail.com",
            "resume": "resumes/CV_-_Mateus_Gonga.pdf"
        }
    },
    {
        "model": "careers.jobapplication",
        "pk": 7,
        "fields": {
            "career": 1,
            "full_name": "Jozildo Ral Arajo Andr",
            "email": "josildoandre82@gmail.com",
            "resume": "resumes/79BB66E5-CD73-431A-8504-00E0CCBAB4B4.jpeg"
        }
    }
]